JobID;JobName;Partition;State;ExitCode;Elapsed;ElapsedRaw;Start;End;NodeList;AllocCPUS;NNodes;Reason;Timelimit;TimelimitRaw;WorkDir;ReqMem;MaxRSS;CPUTime;CPUTimeRAW
6949259;ecm_opt;tornado;FAILED;2:0;00:00:04;4;2026-04-25T01:52:52;2026-04-25T01:52:56;n01p079;56;1;None;2-00:00:00;2880;/home/ikntcit1/plehanoves/ecm-evolutionary-optimization;0n;;00:03:44;224
6949259.batch;batch;;FAILED;2:0;00:00:04;4;2026-04-25T01:52:52;2026-04-25T01:52:56;n01p079;56;1;;;;;0n;0;00:03:44;224
6967265;ecm_plan;tornado;COMPLETED;0:0;01:20:20;4820;2026-04-28T01:45:41;2026-04-28T03:06:01;n01p381;56;1;None;3-00:00:00;4320;/home/ikntcit1/plehanoves/ecm-evolutionary-optimization;0n;;3-02:58:40;269920
6967265.batch;batch;;COMPLETED;0:0;01:20:20;4820;2026-04-28T01:45:41;2026-04-28T03:06:01;n01p381;56;1;;;;;0n;3716K;3-02:58:40;269920
6967265.0;ecm-optimizer;;COMPLETED;0:0;01:20:20;4820;2026-04-28T01:45:41;2026-04-28T03:06:01;n01p381;28;1;;;;;0n;536372K;1-13:29:20;134960
6973139;ecm_plan;tornado;COMPLETED;0:0;00:57:46;3466;2026-04-28T16:51:24;2026-04-28T17:49:10;n01p050;56;1;None;3-00:00:00;4320;/home/ikntcit1/plehanoves/ecm-evolutionary-optimization;0n;;2-05:54:56;194096
6973139.batch;batch;;COMPLETED;0:0;00:57:46;3466;2026-04-28T16:51:24;2026-04-28T17:49:10;n01p050;56;1;;;;;0n;3720K;2-05:54:56;194096
6973139.0;ecm-optimizer;;COMPLETED;0:0;00:57:46;3466;2026-04-28T16:51:24;2026-04-28T17:49:10;n01p050;28;1;;;;;0n;989488K;1-02:57:28;97048
6977100;ecm_plan;tornado;COMPLETED;0:0;00:35:29;2129;2026-04-29T14:05:39;2026-04-29T14:41:08;n01p078;56;1;None;3-00:00:00;4320;/home/ikntcit1/plehanoves/ecm-evolutionary-optimization;0n;;1-09:07:04;119224
6977100.batch;batch;;COMPLETED;0:0;00:35:29;2129;2026-04-29T14:05:39;2026-04-29T14:41:08;n01p078;56;1;;;;;0n;3720K;1-09:07:04;119224
6977100.0;ecm-optimizer;;COMPLETED;0:0;00:35:28;2128;2026-04-29T14:05:40;2026-04-29T14:41:08;n01p078;28;1;;;;;0n;645520K;16:33:04;59584
6977576;ecm_gitcheck;tornado;COMPLETED;0:0;00:00:01;1;2026-04-29T15:38:04;2026-04-29T15:38:05;n01p254;56;1;None;00:05:00;5;/home/ikntcit1/plehanoves/ecm-evolutionary-optimization;0n;;00:00:56;56
6977576.batch;batch;;COMPLETED;0:0;00:00:01;1;2026-04-29T15:38:04;2026-04-29T15:38:05;n01p254;56;1;;;;;0n;0;00:00:56;56
6977597;ecm_gitcheck;tornado;COMPLETED;0:0;00:00:01;1;2026-04-29T15:43:04;2026-04-29T15:43:05;n01p267;56;1;None;00:05:00;5;/home/ikntcit1/plehanoves/ecm-evolutionary-optimization;0n;;00:00:56;56
6977597.batch;batch;;COMPLETED;0:0;00:00:01;1;2026-04-29T15:43:04;2026-04-29T15:43:05;n01p267;56;1;;;;;0n;0;00:00:56;56
6977598;ecm_gitcheck;tornado;COMPLETED;0:0;00:00:00;0;2026-04-29T15:44:50;2026-04-29T15:44:50;n01p149;56;1;None;00:05:00;5;/home/ikntcit1/plehanoves/ecm-evolutionary-optimization;0n;;00:00:00;0
6977598.batch;batch;;COMPLETED;0:0;00:00:00;0;2026-04-29T15:44:50;2026-04-29T15:44:50;n01p149;56;1;;;;;0n;0;00:00:00;0
6977614;ecm_gitcheck;tornado;COMPLETED;0:0;00:00:00;0;2026-04-29T15:56:37;2026-04-29T15:56:37;n01p301;56;1;None;00:05:00;5;/home/ikntcit1/plehanoves/ecm-evolutionary-optimization;0n;;00:00:00;0
6977614.batch;batch;;COMPLETED;0:0;00:00:00;0;2026-04-29T15:56:37;2026-04-29T15:56:37;n01p301;56;1;;;;;0n;0;00:00:00;0
6977620;ecm_gitcheck;tornado;COMPLETED;0:0;00:00:02;2;2026-04-29T15:58:54;2026-04-29T15:58:56;n01p520;56;1;None;00:05:00;5;/home/ikntcit1/plehanoves/ecm-evolutionary-optimization;0n;;00:01:52;112
6977620.batch;batch;;COMPLETED;0:0;00:00:02;2;2026-04-29T15:58:54;2026-04-29T15:58:56;n01p520;56;1;;;;;0n;0;00:01:52;112
6977624;ecm_gitcheck;tornado;FAILED;0:0;00:00:06;6;2026-04-29T16:01:44;2026-04-29T16:01:50;n01p254;56;1;None;00:05:00;5;/home/ikntcit1/plehanoves/ecm-evolutionary-optimization;0n;;00:05:36;336
6977624.batch;batch;;FAILED;0:0;00:00:06;6;2026-04-29T16:01:44;2026-04-29T16:01:50;n01p254;56;1;;;;;0n;0;00:05:36;336
6977697;ecm_gitcheck;tornado;COMPLETED;0:0;00:00:02;2;2026-04-29T16:08:03;2026-04-29T16:08:05;n01p184;56;1;None;00:05:00;5;/home/ikntcit1/plehanoves/ecm-evolutionary-optimization;0n;;00:01:52;112
6977697.batch;batch;;COMPLETED;0:0;00:00:02;2;2026-04-29T16:08:03;2026-04-29T16:08:05;n01p184;56;1;;;;;0n;0;00:01:52;112
6977712;ecm_gitcheck;tornado;COMPLETED;0:0;00:00:02;2;2026-04-29T16:09:32;2026-04-29T16:09:34;n01p455;56;1;None;00:05:00;5;/home/ikntcit1/plehanoves/ecm-evolutionary-optimization;0n;;00:01:52;112
6977712.batch;batch;;COMPLETED;0:0;00:00:02;2;2026-04-29T16:09:32;2026-04-29T16:09:34;n01p455;56;1;;;;;0n;0;00:01:52;112
6977713;ecm_gitcheck;tornado;FAILED;1:0;00:00:12;12;2026-04-29T16:10:48;2026-04-29T16:11:00;n01p390;56;1;None;00:05:00;5;/home/ikntcit1/plehanoves/ecm-evolutionary-optimization;0n;;00:11:12;672
6977713.batch;batch;;FAILED;1:0;00:00:12;12;2026-04-29T16:10:48;2026-04-29T16:11:00;n01p390;56;1;;;;;0n;0;00:11:12;672
6977771;ecm_plan;tornado;COMPLETED;0:0;01:21:22;4882;2026-04-29T16:20:17;2026-04-29T17:41:39;n01p185;56;1;None;3-00:00:00;4320;/home/ikntcit1/plehanoves/ecm-evolutionary-optimization;0n;;3-03:56:32;273392
6977771.batch;batch;;COMPLETED;0:0;01:21:22;4882;2026-04-29T16:20:17;2026-04-29T17:41:39;n01p185;56;1;;;;;0n;3728K;3-03:56:32;273392
6977771.0;ecm-optimizer;;COMPLETED;0:0;01:21:21;4881;2026-04-29T16:20:18;2026-04-29T17:41:39;n01p185;28;1;;;;;0n;867800K;1-13:57:48;136668
6978011;ecm_plan;tornado;CANCELLED by 50832;0:0;00:01:03;63;2026-04-29T16:38:12;2026-04-29T16:39:15;n01p103;56;1;None;3-00:00:00;4320;/home/ikntcit1/plehanoves/ecm-evolutionary-optimization;0n;;00:58:48;3528
6978011.batch;batch;;CANCELLED;0:15;00:01:04;64;2026-04-29T16:38:12;2026-04-29T16:39:16;n01p103;56;1;;;;;0n;3724K;00:59:44;3584
6978011.0;ecm-optimizer;;CANCELLED;0:15;00:01:06;66;2026-04-29T16:38:12;2026-04-29T16:39:18;n01p103;28;1;;;;;0n;313140K;00:30:48;1848
6991426;ecm_plan_multi;tornado;CANCELLED by 50832;0:0;00:02:34;154;2026-04-30T18:18:33;2026-04-30T18:21:07;n01p[344-347];224;4;None;3-00:00:00;4320;/home/ikntcit1/plehanoves/ecm-evolutionary-optimization;0n;;09:34:56;34496
6991426.batch;batch;;CANCELLED;0:15;00:02:35;155;2026-04-30T18:18:33;2026-04-30T18:21:08;n01p344;56;1;;;;;0n;3732K;02:24:40;8680
6991426.0;tmp.ZYTtOcDQou;;CANCELLED;0:15;00:02:33;153;2026-04-30T18:18:38;2026-04-30T18:21:11;n01p344;28;1;;;;;0n;205112K;01:11:24;4284
6991497;ecm_plan_multi;tornado;CANCELLED by 50832;0:0;00:00:36;36;2026-04-30T20:18:03;2026-04-30T20:18:39;n01p402;56;1;None;3-00:00:00;4320;/home/ikntcit1/plehanoves/ecm-evolutionary-optimization;0n;;00:33:36;2016
6991497.batch;batch;;CANCELLED;0:15;00:00:37;37;2026-04-30T20:18:03;2026-04-30T20:18:40;n01p402;56;1;;;;;0n;3740K;00:34:32;2072
6991497.0;ecm-optimizer;;CANCELLED;0:15;00:00:37;37;2026-04-30T20:18:06;2026-04-30T20:18:43;n01p402;28;1;;;;;0n;306756K;00:17:16;1036
6991926;ecm_plan_multi;tornado;COMPLETED;0:0;00:00:05;5;2026-04-30T22:31:37;2026-04-30T22:31:42;n01p033;56;1;None;02:00:00;120;/home/ikntcit1/plehanoves/ecm-evolutionary-optimization;0n;;00:04:40;280
6991926.batch;batch;;COMPLETED;0:0;00:00:05;5;2026-04-30T22:31:37;2026-04-30T22:31:42;n01p033;56;1;;;;;0n;0;00:04:40;280
6991926.0;ecm-optimizer;;COMPLETED;0:0;00:00:01;1;2026-04-30T22:31:41;2026-04-30T22:31:42;n01p033;2;1;;;;;0n;0;00:00:02;2
6991927;ecm_dataset_20_single;tornado;FAILED;2:0;00:00:04;4;2026-04-30T22:31:43;2026-04-30T22:31:47;n01p033;56;1;None;12:00:00;720;/home/ikntcit1/plehanoves/ecm-evolutionary-optimization;0n;;00:03:44;224
6991927.batch;batch;;FAILED;2:0;00:00:04;4;2026-04-30T22:31:43;2026-04-30T22:31:47;n01p033;56;1;;;;;0n;0;00:03:44;224
6991941;ecm_plan_multi;tornado;COMPLETED;0:0;00:00:05;5;2026-04-30T22:43:06;2026-04-30T22:43:11;n01p038;56;1;None;02:00:00;120;/home/ikntcit1/plehanoves/ecm-evolutionary-optimization;0n;;00:04:40;280
6991941.batch;batch;;COMPLETED;0:0;00:00:05;5;2026-04-30T22:43:06;2026-04-30T22:43:11;n01p038;56;1;;;;;0n;0;00:04:40;280
6991941.0;ecm-optimizer;;COMPLETED;0:0;00:00:01;1;2026-04-30T22:43:10;2026-04-30T22:43:11;n01p038;2;1;;;;;0n;0;00:00:02;2
6991942;ecm_dataset_20_single;tornado;FAILED;2:0;00:00:03;3;2026-04-30T22:43:11;2026-04-30T22:43:14;n01p038;56;1;None;12:00:00;720;/home/ikntcit1/plehanoves/ecm-evolutionary-optimization;0n;;00:02:48;168
6991942.batch;batch;;FAILED;2:0;00:00:03;3;2026-04-30T22:43:11;2026-04-30T22:43:14;n01p038;56;1;;;;;0n;0;00:02:48;168
6991956;ecm_plan_multi;tornado;FAILED;1:0;00:00:01;1;2026-04-30T23:11:31;2026-04-30T23:11:32;n01p033;56;1;None;02:00:00;120;/home/ikntcit1/plehanoves/ecm-evolutionary-optimization;0n;;00:00:56;56
6991956.batch;batch;;FAILED;1:0;00:00:01;1;2026-04-30T23:11:31;2026-04-30T23:11:32;n01p033;56;1;;;;;0n;;00:00:56;56
6991957;ecm_plan_multi;tornado;FAILED;1:0;00:00:00;0;2026-04-30T23:12:56;2026-04-30T23:12:56;n01p033;56;1;None;02:00:00;120;/home/ikntcit1/plehanoves/ecm-evolutionary-optimization;0n;;00:00:00;0
6991957.batch;batch;;FAILED;1:0;00:00:00;0;2026-04-30T23:12:56;2026-04-30T23:12:56;n01p033;56;1;;;;;0n;;00:00:00;0
6991958;ecm_plan_multi;tornado;FAILED;1:0;00:00:00;0;2026-04-30T23:16:09;2026-04-30T23:16:09;n01p033;56;1;None;02:00:00;120;/home/ikntcit1/plehanoves/ecm-evolutionary-optimization;0n;;00:00:00;0
6991958.batch;batch;;FAILED;1:0;00:00:00;0;2026-04-30T23:16:09;2026-04-30T23:16:09;n01p033;56;1;;;;;0n;;00:00:00;0
6991960;ecm_plan_multi;tornado;COMPLETED;0:0;00:00:05;5;2026-04-30T23:31:22;2026-04-30T23:31:27;n01p038;56;1;None;02:00:00;120;/home/ikntcit1/plehanoves/ecm-evolutionary-optimization;0n;;00:04:40;280
6991960.batch;batch;;COMPLETED;0:0;00:00:05;5;2026-04-30T23:31:22;2026-04-30T23:31:27;n01p038;56;1;;;;;0n;0;00:04:40;280
6991960.0;ecm-optimizer;;COMPLETED;0:0;00:00:01;1;2026-04-30T23:31:26;2026-04-30T23:31:27;n01p038;2;1;;;;;0n;0;00:00:02;2
6991961;ecm_dataset_20_single;tornado;COMPLETED;0:0;00:00:04;4;2026-04-30T23:31:33;2026-04-30T23:31:37;n01p038;56;1;None;12:00:00;720;/home/ikntcit1/plehanoves/ecm-evolutionary-optimization;0n;;00:03:44;224
6991961.batch;batch;;COMPLETED;0:0;00:00:04;4;2026-04-30T23:31:33;2026-04-30T23:31:37;n01p038;56;1;;;;;0n;0;00:03:44;224
6991962;ecm_opt_de_single;tornado;FAILED;1:0;00:00:03;3;2026-04-30T23:32:03;2026-04-30T23:32:06;n01p038;56;1;Dependency;12:00:00;720;/home/ikntcit1/plehanoves/ecm-evolutionary-optimization;0n;;00:02:48;168
6991962.batch;batch;;FAILED;1:0;00:00:03;3;2026-04-30T23:32:03;2026-04-30T23:32:06;n01p038;56;1;;;;;0n;0;00:02:48;168
6991964;ecm_opt_rs_single;tornado;FAILED;1:0;00:00:03;3;2026-04-30T23:32:03;2026-04-30T23:32:06;n01p043;56;1;Dependency;12:00:00;720;/home/ikntcit1/plehanoves/ecm-evolutionary-optimization;0n;;00:02:48;168
6991964.batch;batch;;FAILED;1:0;00:00:03;3;2026-04-30T23:32:03;2026-04-30T23:32:06;n01p043;56;1;;;;;0n;0;00:02:48;168
6991966;ecm_opt_pso_single;tornado;FAILED;1:0;00:00:03;3;2026-04-30T23:32:03;2026-04-30T23:32:06;n01p064;56;1;Dependency;12:00:00;720;/home/ikntcit1/plehanoves/ecm-evolutionary-optimization;0n;;00:02:48;168
6991966.batch;batch;;FAILED;1:0;00:00:03;3;2026-04-30T23:32:03;2026-04-30T23:32:06;n01p064;56;1;;;;;0n;0;00:02:48;168
6991968;ecm_opt_bo_single;tornado;FAILED;1:0;00:00:04;4;2026-04-30T23:32:03;2026-04-30T23:32:07;n01p073;56;1;Dependency;12:00:00;720;/home/ikntcit1/plehanoves/ecm-evolutionary-optimization;0n;;00:03:44;224
6991968.batch;batch;;FAILED;1:0;00:00:04;4;2026-04-30T23:32:03;2026-04-30T23:32:07;n01p073;56;1;;;;;0n;0;00:03:44;224
6991970;ecm_opt_ga_single;tornado;FAILED;1:0;00:00:05;5;2026-04-30T23:32:33;2026-04-30T23:32:38;n01p038;56;1;AssocGrpCpuLimit;12:00:00;720;/home/ikntcit1/plehanoves/ecm-evolutionary-optimization;0n;;00:04:40;280
6991970.batch;batch;;FAILED;1:0;00:00:05;5;2026-04-30T23:32:33;2026-04-30T23:32:38;n01p038;56;1;;;;;0n;0;00:04:40;280
6991976;ecm_plan_multi;tornado;COMPLETED;0:0;00:00:07;7;2026-04-30T23:51:53;2026-04-30T23:52:00;n01p038;56;1;None;02:00:00;120;/home/ikntcit1/plehanoves/ecm-evolutionary-optimization;0n;;00:06:32;392
6991976.batch;batch;;COMPLETED;0:0;00:00:07;7;2026-04-30T23:51:53;2026-04-30T23:52:00;n01p038;56;1;;;;;0n;0;00:06:32;392
6991976.0;ecm-optimizer;;COMPLETED;0:0;00:00:03;3;2026-04-30T23:51:57;2026-04-30T23:52:00;n01p038;2;1;;;;;0n;0;00:00:06;6
6991977;ecm_dataset_20_single;tornado;COMPLETED;0:0;00:00:05;5;2026-04-30T23:52:00;2026-04-30T23:52:05;n01p038;56;1;None;12:00:00;720;/home/ikntcit1/plehanoves/ecm-evolutionary-optimization;0n;;00:04:40;280
6991977.batch;batch;;COMPLETED;0:0;00:00:05;5;2026-04-30T23:52:00;2026-04-30T23:52:05;n01p038;56;1;;;;;0n;0;00:04:40;280
6991978;ecm_opt_de_single;tornado;FAILED;1:0;00:00:04;4;2026-04-30T23:52:06;2026-04-30T23:52:10;n01p038;56;1;Dependency;12:00:00;720;/home/ikntcit1/plehanoves/ecm-evolutionary-optimization;0n;;00:03:44;224
6991978.batch;batch;;FAILED;1:0;00:00:04;4;2026-04-30T23:52:06;2026-04-30T23:52:10;n01p038;56;1;;;;;0n;0;00:03:44;224
6991980;ecm_opt_rs_single;tornado;FAILED;1:0;00:00:04;4;2026-04-30T23:52:06;2026-04-30T23:52:10;n01p043;56;1;Dependency;12:00:00;720;/home/ikntcit1/plehanoves/ecm-evolutionary-optimization;0n;;00:03:44;224
6991980.batch;batch;;FAILED;1:0;00:00:04;4;2026-04-30T23:52:06;2026-04-30T23:52:10;n01p043;56;1;;;;;0n;0;00:03:44;224
6991982;ecm_opt_pso_single;tornado;FAILED;1:0;00:00:04;4;2026-04-30T23:52:06;2026-04-30T23:52:10;n01p064;56;1;Dependency;12:00:00;720;/home/ikntcit1/plehanoves/ecm-evolutionary-optimization;0n;;00:03:44;224
6991982.batch;batch;;FAILED;1:0;00:00:04;4;2026-04-30T23:52:06;2026-04-30T23:52:10;n01p064;56;1;;;;;0n;0;00:03:44;224
6991984;ecm_opt_bo_single;tornado;FAILED;1:0;00:00:03;3;2026-04-30T23:52:06;2026-04-30T23:52:09;n01p073;56;1;Dependency;12:00:00;720;/home/ikntcit1/plehanoves/ecm-evolutionary-optimization;0n;;00:02:48;168
6991984.batch;batch;;FAILED;1:0;00:00:03;3;2026-04-30T23:52:06;2026-04-30T23:52:09;n01p073;56;1;;;;;0n;0;00:02:48;168
6991986;ecm_opt_ga_single;tornado;FAILED;1:0;00:00:05;5;2026-04-30T23:52:38;2026-04-30T23:52:43;n01p038;56;1;AssocGrpCpuLimit;12:00:00;720;/home/ikntcit1/plehanoves/ecm-evolutionary-optimization;0n;;00:04:40;280
6991986.batch;batch;;FAILED;1:0;00:00:05;5;2026-04-30T23:52:38;2026-04-30T23:52:43;n01p038;56;1;;;;;0n;0;00:04:40;280
6992092;ecm_plan_multi;tornado;COMPLETED;0:0;00:00:07;7;2026-04-30T23:59:03;2026-04-30T23:59:10;n01p064;56;1;None;02:00:00;120;/home/ikntcit1/plehanoves/ecm-evolutionary-optimization;0n;;00:06:32;392
6992092.batch;batch;;COMPLETED;0:0;00:00:07;7;2026-04-30T23:59:03;2026-04-30T23:59:10;n01p064;56;1;;;;;0n;0;00:06:32;392
6992092.0;ecm-optimizer;;COMPLETED;0:0;00:00:01;1;2026-04-30T23:59:09;2026-04-30T23:59:10;n01p064;2;1;;;;;0n;0;00:00:02;2
6992126;ecm_dataset_20_single;tornado;COMPLETED;0:0;00:00:03;3;2026-04-30T23:59:12;2026-04-30T23:59:15;n01p064;56;1;None;12:00:00;720;/home/ikntcit1/plehanoves/ecm-evolutionary-optimization;0n;;00:02:48;168
6992126.batch;batch;;COMPLETED;0:0;00:00:03;3;2026-04-30T23:59:12;2026-04-30T23:59:15;n01p064;56;1;;;;;0n;0;00:02:48;168
6992127;ecm_opt_de_single;tornado;COMPLETED;0:0;00:14:35;875;2026-04-30T23:59:18;2026-05-01T00:13:53;n01p064;56;1;Dependency;12:00:00;720;/home/ikntcit1/plehanoves/ecm-evolutionary-optimization;0n;;13:36:40;49000
6992127.batch;batch;;COMPLETED;0:0;00:14:35;875;2026-04-30T23:59:18;2026-05-01T00:13:53;n01p064;56;1;;;;;0n;197252K;13:36:40;49000
6992128;ecm_val_de_single;tornado;COMPLETED;0:0;00:00:30;30;2026-05-01T00:14:06;2026-05-01T00:14:36;n01p064;56;1;Dependency;12:00:00;720;/home/ikntcit1/plehanoves/ecm-evolutionary-optimization;0n;;00:28:00;1680
6992128.batch;batch;;COMPLETED;0:0;00:00:30;30;2026-05-01T00:14:06;2026-05-01T00:14:36;n01p064;56;1;;;;;0n;0;00:28:00;1680
6992129;ecm_opt_rs_single;tornado;COMPLETED;0:0;00:02:50;170;2026-04-30T23:59:18;2026-05-01T00:02:08;n01p073;56;1;Dependency;12:00:00;720;/home/ikntcit1/plehanoves/ecm-evolutionary-optimization;0n;;02:38:40;9520
6992129.batch;batch;;COMPLETED;0:0;00:02:50;170;2026-04-30T23:59:18;2026-05-01T00:02:08;n01p073;56;1;;;;;0n;193352K;02:38:40;9520
6992130;ecm_val_rs_single;tornado;FAILED;1:0;00:00:05;5;2026-05-01T00:02:12;2026-05-01T00:02:17;n01p033;56;1;Dependency;12:00:00;720;/home/ikntcit1/plehanoves/ecm-evolutionary-optimization;0n;;00:04:40;280
6992130.batch;batch;;FAILED;1:0;00:00:05;5;2026-05-01T00:02:12;2026-05-01T00:02:17;n01p033;56;1;;;;;0n;0;00:04:40;280
6992131;ecm_opt_pso_single;tornado;COMPLETED;0:0;00:22:35;1355;2026-04-30T23:59:18;2026-05-01T00:21:53;n01p092;56;1;Dependency;12:00:00;720;/home/ikntcit1/plehanoves/ecm-evolutionary-optimization;0n;;21:04:40;75880
6992131.batch;batch;;COMPLETED;0:0;00:22:35;1355;2026-04-30T23:59:18;2026-05-01T00:21:53;n01p092;56;1;;;;;0n;308344K;21:04:40;75880
6992132;ecm_val_pso_single;tornado;COMPLETED;0:0;00:00:32;32;2026-05-01T00:22:06;2026-05-01T00:22:38;n01p064;56;1;Dependency;12:00:00;720;/home/ikntcit1/plehanoves/ecm-evolutionary-optimization;0n;;00:29:52;1792
6992132.batch;batch;;COMPLETED;0:0;00:00:32;32;2026-05-01T00:22:06;2026-05-01T00:22:38;n01p064;56;1;;;;;0n;119952K;00:29:52;1792
6992133;ecm_opt_bo_single;tornado;COMPLETED;0:0;00:02:14;134;2026-04-30T23:59:18;2026-05-01T00:01:32;n01p104;56;1;Dependency;12:00:00;720;/home/ikntcit1/plehanoves/ecm-evolutionary-optimization;0n;;02:05:04;7504
6992133.batch;batch;;COMPLETED;0:0;00:02:14;134;2026-04-30T23:59:18;2026-05-01T00:01:32;n01p104;56;1;;;;;0n;309604K;02:05:04;7504
6992134;ecm_val_bo_single;tornado;COMPLETED;0:0;00:00:27;27;2026-05-01T00:01:41;2026-05-01T00:02:08;n01p104;56;1;Dependency;12:00:00;720;/home/ikntcit1/plehanoves/ecm-evolutionary-optimization;0n;;00:25:12;1512
6992134.batch;batch;;COMPLETED;0:0;00:00:27;27;2026-05-01T00:01:41;2026-05-01T00:02:08;n01p104;56;1;;;;;0n;0;00:25:12;1512
6992135;ecm_opt_ga_single;tornado;COMPLETED;0:0;00:26:18;1578;2026-05-01T00:02:12;2026-05-01T00:28:30;n01p073;56;1;AssocGrpCpuLimit;12:00:00;720;/home/ikntcit1/plehanoves/ecm-evolutionary-optimization;0n;;1-00:32:48;88368
6992135.batch;batch;;COMPLETED;0:0;00:26:18;1578;2026-05-01T00:02:12;2026-05-01T00:28:30;n01p073;56;1;;;;;0n;202304K;1-00:32:48;88368
6992136;ecm_val_ga_single;tornado;COMPLETED;0:0;00:00:31;31;2026-05-01T00:28:50;2026-05-01T00:29:21;n01p064;56;1;Dependency;12:00:00;720;/home/ikntcit1/plehanoves/ecm-evolutionary-optimization;0n;;00:28:56;1736
6992136.batch;batch;;COMPLETED;0:0;00:00:31;31;2026-05-01T00:28:50;2026-05-01T00:29:21;n01p064;56;1;;;;;0n;133420K;00:28:56;1736
6992342;ecm_plan_multi;tornado;COMPLETED;0:0;00:00:04;4;2026-05-01T01:05:45;2026-05-01T01:05:49;n01p042;56;1;None;02:00:00;120;/home/ikntcit1/plehanoves/ecm-evolutionary-optimization;0n;;00:03:44;224
6992342.batch;batch;;COMPLETED;0:0;00:00:04;4;2026-05-01T01:05:45;2026-05-01T01:05:49;n01p042;56;1;;;;;0n;0;00:03:44;224
6992342.0;ecm-optimizer;;COMPLETED;0:0;00:00:01;1;2026-05-01T01:05:48;2026-05-01T01:05:49;n01p042;2;1;;;;;0n;0;00:00:02;2
6992343;ecm_dataset_20_single;tornado;COMPLETED;0:0;00:00:04;4;2026-05-01T01:05:51;2026-05-01T01:05:55;n01p042;56;1;None;12:00:00;720;/home/ikntcit1/plehanoves/ecm-evolutionary-optimization;0n;;00:03:44;224
6992343.batch;batch;;COMPLETED;0:0;00:00:04;4;2026-05-01T01:05:51;2026-05-01T01:05:55;n01p042;56;1;;;;;0n;0;00:03:44;224
6992344;ecm_opt_de_single;tornado;COMPLETED;0:0;00:14:25;865;2026-05-01T01:06:08;2026-05-01T01:20:33;n01p042;56;1;Dependency;12:00:00;720;/home/ikntcit1/plehanoves/ecm-evolutionary-optimization;0n;;13:27:20;48440
6992344.batch;batch;;COMPLETED;0:0;00:14:25;865;2026-05-01T01:06:08;2026-05-01T01:20:33;n01p042;56;1;;;;;0n;197808K;13:27:20;48440
6992345;ecm_val_de_single;tornado;COMPLETED;0:0;00:00:32;32;2026-05-01T01:21:04;2026-05-01T01:21:36;n01p042;56;1;Dependency;12:00:00;720;/home/ikntcit1/plehanoves/ecm-evolutionary-optimization;0n;;00:29:52;1792
6992345.batch;batch;;COMPLETED;0:0;00:00:32;32;2026-05-01T01:21:04;2026-05-01T01:21:36;n01p042;56;1;;;;;0n;110568K;00:29:52;1792
6992346;ecm_opt_rs_single;tornado;COMPLETED;0:0;00:02:53;173;2026-05-01T01:06:08;2026-05-01T01:09:01;n01p073;56;1;Dependency;12:00:00;720;/home/ikntcit1/plehanoves/ecm-evolutionary-optimization;0n;;02:41:28;9688
6992346.batch;batch;;COMPLETED;0:0;00:02:53;173;2026-05-01T01:06:08;2026-05-01T01:09:01;n01p073;56;1;;;;;0n;309628K;02:41:28;9688
6992347;ecm_val_rs_single;tornado;COMPLETED;0:0;00:00:36;36;2026-05-01T01:09:08;2026-05-01T01:09:44;n01p073;56;1;Dependency;12:00:00;720;/home/ikntcit1/plehanoves/ecm-evolutionary-optimization;0n;;00:33:36;2016
6992347.batch;batch;;COMPLETED;0:0;00:00:36;36;2026-05-01T01:09:08;2026-05-01T01:09:44;n01p073;56;1;;;;;0n;86512K;00:33:36;2016
6992348;ecm_opt_pso_single;tornado;COMPLETED;0:0;00:22:14;1334;2026-05-01T01:06:08;2026-05-01T01:28:22;n01p092;56;1;Dependency;12:00:00;720;/home/ikntcit1/plehanoves/ecm-evolutionary-optimization;0n;;20:45:04;74704
6992348.batch;batch;;COMPLETED;0:0;00:22:14;1334;2026-05-01T01:06:08;2026-05-01T01:28:22;n01p092;56;1;;;;;0n;200204K;20:45:04;74704
6992349;ecm_val_pso_single;tornado;COMPLETED;0:0;00:00:32;32;2026-05-01T01:28:40;2026-05-01T01:29:12;n01p038;56;1;Dependency;12:00:00;720;/home/ikntcit1/plehanoves/ecm-evolutionary-optimization;0n;;00:29:52;1792
6992349.batch;batch;;COMPLETED;0:0;00:00:32;32;2026-05-01T01:28:40;2026-05-01T01:29:12;n01p038;56;1;;;;;0n;116604K;00:29:52;1792
6992350;ecm_opt_bo_single;tornado;COMPLETED;0:0;00:02:33;153;2026-05-01T01:06:08;2026-05-01T01:08:41;n01p104;56;1;Dependency;12:00:00;720;/home/ikntcit1/plehanoves/ecm-evolutionary-optimization;0n;;02:22:48;8568
6992350.batch;batch;;COMPLETED;0:0;00:02:33;153;2026-05-01T01:06:08;2026-05-01T01:08:41;n01p104;56;1;;;;;0n;306060K;02:22:48;8568
6992351;ecm_val_bo_single;tornado;COMPLETED;0:0;00:00:43;43;2026-05-01T01:08:54;2026-05-01T01:09:37;n01p033;56;1;Dependency;12:00:00;720;/home/ikntcit1/plehanoves/ecm-evolutionary-optimization;0n;;00:40:08;2408
6992351.batch;batch;;COMPLETED;0:0;00:00:43;43;2026-05-01T01:08:54;2026-05-01T01:09:37;n01p033;56;1;;;;;0n;82M;00:40:08;2408
6992352;ecm_opt_ga_single;tornado;COMPLETED;0:0;00:32:09;1929;2026-05-01T01:09:54;2026-05-01T01:42:03;n01p033;56;1;AssocGrpCpuLimit;12:00:00;720;/home/ikntcit1/plehanoves/ecm-evolutionary-optimization;0n;;1-06:00:24;108024
6992352.batch;batch;;COMPLETED;0:0;00:32:09;1929;2026-05-01T01:09:54;2026-05-01T01:42:03;n01p033;56;1;;;;;0n;201116K;1-06:00:24;108024
6992353;ecm_val_ga_single;tornado;COMPLETED;0:0;00:00:44;44;2026-05-01T01:42:08;2026-05-01T01:42:52;n01p033;56;1;Dependency;12:00:00;720;/home/ikntcit1/plehanoves/ecm-evolutionary-optimization;0n;;00:41:04;2464
6992353.batch;batch;;COMPLETED;0:0;00:00:44;44;2026-05-01T01:42:08;2026-05-01T01:42:52;n01p033;56;1;;;;;0n;302912K;00:41:04;2464
6992354;ecm_analysis_single_dataset_all_methods;tornado;COMPLETED;0:0;00:00:16;16;2026-05-01T01:43:08;2026-05-01T01:43:24;n01p033;56;1;Dependency;12:00:00;720;/home/ikntcit1/plehanoves/ecm-evolutionary-optimization;0n;;00:14:56;896
6992354.batch;batch;;COMPLETED;0:0;00:00:16;16;2026-05-01T01:43:08;2026-05-01T01:43:24;n01p033;56;1;;;;;0n;0;00:14:56;896
6993065;ecm_plan_multi;tornado;COMPLETED;0:0;00:00:06;6;2026-05-03T13:08:37;2026-05-03T13:08:43;n01p188;56;1;None;02:00:00;120;/home/ikntcit1/plehanoves/ecm-evolutionary-optimization;0n;;00:05:36;336
6993065.batch;batch;;COMPLETED;0:0;00:00:06;6;2026-05-03T13:08:37;2026-05-03T13:08:43;n01p188;56;1;;;;;0n;0;00:05:36;336
6993065.0;ecm-optimizer;;COMPLETED;0:0;00:00:01;1;2026-05-03T13:08:42;2026-05-03T13:08:43;n01p188;2;1;;;;;0n;0;00:00:02;2
6993066;ecm_dataset_20_single;tornado;COMPLETED;0:0;00:00:04;4;2026-05-03T13:08:44;2026-05-03T13:08:48;n01p188;56;1;None;12:00:00;720;/home/ikntcit1/plehanoves/ecm-evolutionary-optimization;0n;;00:03:44;224
6993066.batch;batch;;COMPLETED;0:0;00:00:04;4;2026-05-03T13:08:44;2026-05-03T13:08:48;n01p188;56;1;;;;;0n;0;00:03:44;224
6993067;ecm_opt_de_single;tornado;CANCELLED by 50832;0:0;00:01:02;62;2026-05-03T13:08:54;2026-05-03T13:09:56;n01p188;56;1;Dependency;12:00:00;720;/home/ikntcit1/plehanoves/ecm-evolutionary-optimization;0n;;00:57:52;3472
6993067.batch;batch;;CANCELLED;0:15;00:01:04;64;2026-05-03T13:08:54;2026-05-03T13:09:58;n01p188;56;1;;;;;0n;301704K;00:59:44;3584
6993069;ecm_opt_rs_single;tornado;CANCELLED by 50832;0:0;00:01:02;62;2026-05-03T13:08:54;2026-05-03T13:09:56;n01p517;56;1;Dependency;12:00:00;720;/home/ikntcit1/plehanoves/ecm-evolutionary-optimization;0n;;00:57:52;3472
6993069.batch;batch;;CANCELLED;0:15;00:01:04;64;2026-05-03T13:08:54;2026-05-03T13:09:58;n01p517;56;1;;;;;0n;300424K;00:59:44;3584
6993080;ecm_plan_multi;tornado;COMPLETED;0:0;00:00:03;3;2026-05-03T13:09:46;2026-05-03T13:09:49;n01p519;56;1;None;02:00:00;120;/home/ikntcit1/plehanoves/ecm-evolutionary-optimization;0n;;00:02:48;168
6993080.batch;batch;;COMPLETED;0:0;00:00:03;3;2026-05-03T13:09:46;2026-05-03T13:09:49;n01p519;56;1;;;;;0n;0;00:02:48;168
6993080.0;ecm-optimizer;;COMPLETED;0:0;00:00:01;1;2026-05-03T13:09:48;2026-05-03T13:09:49;n01p519;2;1;;;;;0n;0;00:00:02;2
6993081;ecm_dataset_20_single;tornado;COMPLETED;0:0;00:00:03;3;2026-05-03T13:09:49;2026-05-03T13:09:52;n01p521;56;1;None;12:00:00;720;/home/ikntcit1/plehanoves/ecm-evolutionary-optimization;0n;;00:02:48;168
6993081.batch;batch;;COMPLETED;0:0;00:00:03;3;2026-05-03T13:09:49;2026-05-03T13:09:52;n01p521;56;1;;;;;0n;0;00:02:48;168
6993082;ecm_opt_de_single;tornado;CANCELLED by 50832;0:0;00:00:02;2;2026-05-03T13:09:54;2026-05-03T13:09:56;n01p519;56;1;Dependency;12:00:00;720;/home/ikntcit1/plehanoves/ecm-evolutionary-optimization;0n;;00:01:52;112
6993082.batch;batch;;CANCELLED;0:15;00:00:03;3;2026-05-03T13:09:54;2026-05-03T13:09:57;n01p519;56;1;;;;;0n;0;00:02:48;168
6993084;ecm_opt_rs_single;tornado;CANCELLED by 50832;0:0;00:00:02;2;2026-05-03T13:09:54;2026-05-03T13:09:56;n01p521;56;1;Dependency;12:00:00;720;/home/ikntcit1/plehanoves/ecm-evolutionary-optimization;0n;;00:01:52;112
6993084.batch;batch;;CANCELLED;0:15;00:00:03;3;2026-05-03T13:09:54;2026-05-03T13:09:57;n01p521;56;1;;;;;0n;0;00:02:48;168
6993097;ecm_plan_multi;tornado;COMPLETED;0:0;00:00:05;5;2026-05-03T13:17:38;2026-05-03T13:17:43;n01p124;56;1;None;02:00:00;120;/home/ikntcit1/plehanoves/ecm-evolutionary-optimization;0n;;00:04:40;280
6993097.batch;batch;;COMPLETED;0:0;00:00:05;5;2026-05-03T13:17:38;2026-05-03T13:17:43;n01p124;56;1;;;;;0n;0;00:04:40;280
6993097.0;ecm-optimizer;;COMPLETED;0:0;00:00:01;1;2026-05-03T13:17:42;2026-05-03T13:17:43;n01p124;2;1;;;;;0n;0;00:00:02;2
6993099;ecm_dataset_20_single;tornado;COMPLETED;0:0;00:00:05;5;2026-05-03T13:17:44;2026-05-03T13:17:49;n01p124;56;1;None;12:00:00;720;/home/ikntcit1/plehanoves/ecm-evolutionary-optimization;0n;;00:04:40;280
6993099.batch;batch;;COMPLETED;0:0;00:00:05;5;2026-05-03T13:17:44;2026-05-03T13:17:49;n01p124;56;1;;;;;0n;0;00:04:40;280
6993100;ecm_opt_de_single;tornado;COMPLETED;0:0;00:13:29;809;2026-05-03T13:17:55;2026-05-03T13:31:24;n01p124;56;1;Dependency;12:00:00;720;/home/ikntcit1/plehanoves/ecm-evolutionary-optimization;0n;;12:35:04;45304
6993100.batch;batch;;COMPLETED;0:0;00:13:29;809;2026-05-03T13:17:55;2026-05-03T13:31:24;n01p124;56;1;;;;;0n;308428K;12:35:04;45304
6993101;ecm_val_de_single;tornado;COMPLETED;0:0;00:00:27;27;2026-05-03T13:31:25;2026-05-03T13:31:52;n01p124;56;1;Dependency;12:00:00;720;/home/ikntcit1/plehanoves/ecm-evolutionary-optimization;0n;;00:25:12;1512
6993101.batch;batch;;COMPLETED;0:0;00:00:27;27;2026-05-03T13:31:25;2026-05-03T13:31:52;n01p124;56;1;;;;;0n;0;00:25:12;1512
6993102;ecm_opt_rs_single;tornado;COMPLETED;0:0;00:02:51;171;2026-05-03T13:17:55;2026-05-03T13:20:46;n01p188;56;1;Dependency;12:00:00;720;/home/ikntcit1/plehanoves/ecm-evolutionary-optimization;0n;;02:39:36;9576
6993102.batch;batch;;COMPLETED;0:0;00:02:51;171;2026-05-03T13:17:55;2026-05-03T13:20:46;n01p188;56;1;;;;;0n;305288K;02:39:36;9576
6993103;ecm_val_rs_single;tornado;COMPLETED;0:0;00:00:31;31;2026-05-03T13:20:55;2026-05-03T13:21:26;n01p188;56;1;Dependency;12:00:00;720;/home/ikntcit1/plehanoves/ecm-evolutionary-optimization;0n;;00:28:56;1736
6993103.batch;batch;;COMPLETED;0:0;00:00:31;31;2026-05-03T13:20:55;2026-05-03T13:21:26;n01p188;56;1;;;;;0n;134276K;00:28:56;1736
6993104;ecm_opt_pso_single;tornado;COMPLETED;0:0;00:22:14;1334;2026-05-03T13:31:25;2026-05-03T13:53:39;n01p246;56;1;Dependency;12:00:00;720;/home/ikntcit1/plehanoves/ecm-evolutionary-optimization;0n;;20:45:04;74704
6993104.batch;batch;;COMPLETED;0:0;00:22:14;1334;2026-05-03T13:31:25;2026-05-03T13:53:39;n01p246;56;1;;;;;0n;200300K;20:45:04;74704
6993105;ecm_val_pso_single;tornado;COMPLETED;0:0;00:00:32;32;2026-05-03T13:53:54;2026-05-03T13:54:26;n01p246;56;1;Dependency;12:00:00;720;/home/ikntcit1/plehanoves/ecm-evolutionary-optimization;0n;;00:29:52;1792
6993105.batch;batch;;COMPLETED;0:0;00:00:32;32;2026-05-03T13:53:54;2026-05-03T13:54:26;n01p246;56;1;;;;;0n;123880K;00:29:52;1792
6993106;ecm_opt_bo_single;tornado;COMPLETED;0:0;00:02:26;146;2026-05-03T13:20:55;2026-05-03T13:23:21;n01p214;56;1;Dependency;12:00:00;720;/home/ikntcit1/plehanoves/ecm-evolutionary-optimization;0n;;02:16:16;8176
6993106.batch;batch;;COMPLETED;0:0;00:02:26;146;2026-05-03T13:20:55;2026-05-03T13:23:21;n01p214;56;1;;;;;0n;198308K;02:16:16;8176
6993107;ecm_val_bo_single;tornado;COMPLETED;0:0;00:00:32;32;2026-05-03T13:23:25;2026-05-03T13:23:57;n01p214;56;1;Dependency;12:00:00;720;/home/ikntcit1/plehanoves/ecm-evolutionary-optimization;0n;;00:29:52;1792
6993107.batch;batch;;COMPLETED;0:0;00:00:32;32;2026-05-03T13:23:25;2026-05-03T13:23:57;n01p214;56;1;;;;;0n;132100K;00:29:52;1792
6993108;ecm_opt_ga_single;tornado;COMPLETED;0:0;00:26:41;1601;2026-05-03T13:54:56;2026-05-03T14:21:37;n01p246;56;1;Dependency;12:00:00;720;/home/ikntcit1/plehanoves/ecm-evolutionary-optimization;0n;;1-00:54:16;89656
6993108.batch;batch;;COMPLETED;0:0;00:26:41;1601;2026-05-03T13:54:56;2026-05-03T14:21:37;n01p246;56;1;;;;;0n;308604K;1-00:54:16;89656
6993109;ecm_val_ga_single;tornado;COMPLETED;0:0;00:00:33;33;2026-05-03T14:22:04;2026-05-03T14:22:37;n01p068;56;1;Dependency;12:00:00;720;/home/ikntcit1/plehanoves/ecm-evolutionary-optimization;0n;;00:30:48;1848
6993109.batch;batch;;COMPLETED;0:0;00:00:33;33;2026-05-03T14:22:04;2026-05-03T14:22:37;n01p068;56;1;;;;;0n;105424K;00:30:48;1848
6993110;ecm_analysis_single_dataset_all_methods;tornado;COMPLETED;0:0;00:00:14;14;2026-05-03T14:23:04;2026-05-03T14:23:18;n01p068;56;1;Dependency;12:00:00;720;/home/ikntcit1/plehanoves/ecm-evolutionary-optimization;0n;;00:13:04;784
6993110.batch;batch;;COMPLETED;0:0;00:00:14;14;2026-05-03T14:23:04;2026-05-03T14:23:18;n01p068;56;1;;;;;0n;0;00:13:04;784
6993841;ecm_plan_multi;tornado;COMPLETED;0:0;00:00:04;4;2026-05-04T01:34:36;2026-05-04T01:34:40;n01p534;56;1;None;02:00:00;120;/home/ikntcit1/plehanoves/ecm-evolutionary-optimization;0n;;00:03:44;224
6993841.batch;batch;;COMPLETED;0:0;00:00:04;4;2026-05-04T01:34:36;2026-05-04T01:34:40;n01p534;56;1;;;;;0n;0;00:03:44;224
6993841.0;ecm-optimizer;;COMPLETED;0:0;00:00:01;1;2026-05-04T01:34:39;2026-05-04T01:34:40;n01p534;2;1;;;;;0n;0;00:00:02;2
6993842;ecm_dataset_20_single;tornado;COMPLETED;0:0;00:00:03;3;2026-05-04T01:34:41;2026-05-04T01:34:44;n01p534;56;1;None;12:00:00;720;/home/ikntcit1/plehanoves/ecm-evolutionary-optimization;0n;;00:02:48;168
6993842.batch;batch;;COMPLETED;0:0;00:00:03;3;2026-05-04T01:34:41;2026-05-04T01:34:44;n01p534;56;1;;;;;0n;0;00:02:48;168
6993843;ecm_opt_de_single;tornado;COMPLETED;0:0;00:14:36;876;2026-05-04T01:35:11;2026-05-04T01:49:47;n01p534;56;1;Dependency;12:00:00;720;/home/ikntcit1/plehanoves/ecm-evolutionary-optimization;0n;;13:37:36;49056
6993843.batch;batch;;COMPLETED;0:0;00:14:36;876;2026-05-04T01:35:11;2026-05-04T01:49:47;n01p534;56;1;;;;;0n;304348K;13:37:36;49056
6993844;ecm_val_de_single;tornado;COMPLETED;0:0;00:00:34;34;2026-05-04T01:50:11;2026-05-04T01:50:45;n01p534;56;1;Dependency;12:00:00;720;/home/ikntcit1/plehanoves/ecm-evolutionary-optimization;0n;;00:31:44;1904
6993844.batch;batch;;COMPLETED;0:0;00:00:34;34;2026-05-04T01:50:11;2026-05-04T01:50:45;n01p534;56;1;;;;;0n;99596K;00:31:44;1904
6993845;ecm_opt_rs_single;tornado;COMPLETED;0:0;00:02:49;169;2026-05-04T01:35:11;2026-05-04T01:38:00;n01p079;56;1;Dependency;12:00:00;720;/home/ikntcit1/plehanoves/ecm-evolutionary-optimization;0n;;02:37:44;9464
6993845.batch;batch;;COMPLETED;0:0;00:02:49;169;2026-05-04T01:35:11;2026-05-04T01:38:00;n01p079;56;1;;;;;0n;309396K;02:37:44;9464
6993846;ecm_val_rs_single;tornado;COMPLETED;0:0;00:00:32;32;2026-05-04T01:38:11;2026-05-04T01:38:43;n01p053;56;1;Dependency;12:00:00;720;/home/ikntcit1/plehanoves/ecm-evolutionary-optimization;0n;;00:29:52;1792
6993846.batch;batch;;COMPLETED;0:0;00:00:32;32;2026-05-04T01:38:11;2026-05-04T01:38:43;n01p053;56;1;;;;;0n;118264K;00:29:52;1792
6993847;ecm_opt_pso_single;tornado;COMPLETED;0:0;00:22:25;1345;2026-05-04T01:50:11;2026-05-04T02:12:36;n01p078;56;1;Dependency;12:00:00;720;/home/ikntcit1/plehanoves/ecm-evolutionary-optimization;0n;;20:55:20;75320
6993847.batch;batch;;COMPLETED;0:0;00:22:25;1345;2026-05-04T01:50:11;2026-05-04T02:12:36;n01p078;56;1;;;;;0n;312748K;20:55:20;75320
6993848;ecm_val_pso_single;tornado;COMPLETED;0:0;00:00:29;29;2026-05-04T02:12:43;2026-05-04T02:13:12;n01p078;56;1;Dependency;12:00:00;720;/home/ikntcit1/plehanoves/ecm-evolutionary-optimization;0n;;00:27:04;1624
6993848.batch;batch;;COMPLETED;0:0;00:00:29;29;2026-05-04T02:12:43;2026-05-04T02:13:12;n01p078;56;1;;;;;0n;0;00:27:04;1624
6993849;ecm_opt_bo_single;tornado;COMPLETED;0:0;00:02:41;161;2026-05-04T01:38:11;2026-05-04T01:40:52;n01p079;56;1;Dependency;12:00:00;720;/home/ikntcit1/plehanoves/ecm-evolutionary-optimization;0n;;02:30:16;9016
6993849.batch;batch;;COMPLETED;0:0;00:02:41;161;2026-05-04T01:38:11;2026-05-04T01:40:52;n01p079;56;1;;;;;0n;309588K;02:30:16;9016
6993850;ecm_val_bo_single;tornado;COMPLETED;0:0;00:00:29;29;2026-05-04T01:41:11;2026-05-04T01:41:40;n01p053;56;1;Dependency;12:00:00;720;/home/ikntcit1/plehanoves/ecm-evolutionary-optimization;0n;;00:27:04;1624
6993850.batch;batch;;COMPLETED;0:0;00:00:29;29;2026-05-04T01:41:11;2026-05-04T01:41:40;n01p053;56;1;;;;;0n;0;00:27:04;1624
6993851;ecm_opt_ga_single;tornado;COMPLETED;0:0;00:26:18;1578;2026-05-04T02:13:13;2026-05-04T02:39:31;n01p078;56;1;Dependency;12:00:00;720;/home/ikntcit1/plehanoves/ecm-evolutionary-optimization;0n;;1-00:32:48;88368
6993851.batch;batch;;COMPLETED;0:0;00:26:18;1578;2026-05-04T02:13:13;2026-05-04T02:39:31;n01p078;56;1;;;;;0n;312856K;1-00:32:48;88368
6993852;ecm_val_ga_single;tornado;COMPLETED;0:0;00:00:31;31;2026-05-04T02:39:45;2026-05-04T02:40:16;n01p078;56;1;Dependency;12:00:00;720;/home/ikntcit1/plehanoves/ecm-evolutionary-optimization;0n;;00:28:56;1736
6993852.batch;batch;;COMPLETED;0:0;00:00:31;31;2026-05-04T02:39:45;2026-05-04T02:40:16;n01p078;56;1;;;;;0n;135540K;00:28:56;1736
6993853;ecm_analysis_single_dataset_all_methods;tornado;COMPLETED;0:0;00:00:11;11;2026-05-04T02:40:18;2026-05-04T02:40:29;n01p078;56;1;Dependency;12:00:00;720;/home/ikntcit1/plehanoves/ecm-evolutionary-optimization;0n;;00:10:16;616
6993853.batch;batch;;COMPLETED;0:0;00:00:11;11;2026-05-04T02:40:18;2026-05-04T02:40:29;n01p078;56;1;;;;;0n;0;00:10:16;616
6996701;ecm_plan_multi;tornado;COMPLETED;0:0;00:00:05;5;2026-05-04T16:17:29;2026-05-04T16:17:34;n01p181;56;1;None;02:00:00;120;/home/ikntcit1/plehanoves/ecm-evolutionary-optimization;0n;;00:04:40;280
6996701.batch;batch;;COMPLETED;0:0;00:00:05;5;2026-05-04T16:17:29;2026-05-04T16:17:34;n01p181;56;1;;;;;0n;0;00:04:40;280
6996701.0;ecm-optimizer;;COMPLETED;0:0;00:00:01;1;2026-05-04T16:17:33;2026-05-04T16:17:34;n01p181;2;1;;;;;0n;0;00:00:02;2
6996702;ecm_dataset_20_single;tornado;COMPLETED;0:0;00:00:04;4;2026-05-04T16:17:35;2026-05-04T16:17:39;n01p053;56;1;None;12:00:00;720;/home/ikntcit1/plehanoves/ecm-evolutionary-optimization;0n;;00:03:44;224
6996702.batch;batch;;COMPLETED;0:0;00:00:04;4;2026-05-04T16:17:35;2026-05-04T16:17:39;n01p053;56;1;;;;;0n;0;00:03:44;224
6996703;ecm_opt_de_single;tornado;COMPLETED;0:0;00:13:29;809;2026-05-04T16:17:44;2026-05-04T16:31:13;n01p053;56;1;Dependency;12:00:00;720;/home/ikntcit1/plehanoves/ecm-evolutionary-optimization;0n;;12:35:04;45304
6996703.batch;batch;;COMPLETED;0:0;00:13:29;809;2026-05-04T16:17:44;2026-05-04T16:31:13;n01p053;56;1;;;;;0n;317532K;12:35:04;45304
6996704;ecm_val_de_single;tornado;COMPLETED;0:0;00:00:41;41;2026-05-04T16:31:14;2026-05-04T16:31:55;n01p053;56;1;Dependency;12:00:00;720;/home/ikntcit1/plehanoves/ecm-evolutionary-optimization;0n;;00:38:16;2296
6996704.batch;batch;;COMPLETED;0:0;00:00:41;41;2026-05-04T16:31:14;2026-05-04T16:31:55;n01p053;56;1;;;;;0n;89992K;00:38:16;2296
6996705;ecm_opt_rs_single;tornado;COMPLETED;0:0;00:02:58;178;2026-05-04T16:17:44;2026-05-04T16:20:42;n01p087;56;1;Dependency;12:00:00;720;/home/ikntcit1/plehanoves/ecm-evolutionary-optimization;0n;;02:46:08;9968
6996705.batch;batch;;COMPLETED;0:0;00:02:58;178;2026-05-04T16:17:44;2026-05-04T16:20:42;n01p087;56;1;;;;;0n;303620K;02:46:08;9968
6996706;ecm_val_rs_single;tornado;COMPLETED;0:0;00:00:35;35;2026-05-04T16:20:44;2026-05-04T16:21:19;n01p041;56;1;Dependency;12:00:00;720;/home/ikntcit1/plehanoves/ecm-evolutionary-optimization;0n;;00:32:40;1960
6996706.batch;batch;;COMPLETED;0:0;00:00:35;35;2026-05-04T16:20:44;2026-05-04T16:21:19;n01p041;56;1;;;;;0n;98888K;00:32:40;1960
6996707;ecm_opt_pso_single;tornado;COMPLETED;0:0;00:22:54;1374;2026-05-04T16:17:44;2026-05-04T16:40:38;n01p181;56;1;Dependency;12:00:00;720;/home/ikntcit1/plehanoves/ecm-evolutionary-optimization;0n;;21:22:24;76944
6996707.batch;batch;;COMPLETED;0:0;00:22:54;1374;2026-05-04T16:17:44;2026-05-04T16:40:38;n01p181;56;1;;;;;0n;310428K;21:22:24;76944
6996708;ecm_val_pso_single;tornado;COMPLETED;0:0;00:00:40;40;2026-05-04T16:40:44;2026-05-04T16:41:24;n01p181;56;1;Dependency;12:00:00;720;/home/ikntcit1/plehanoves/ecm-evolutionary-optimization;0n;;00:37:20;2240
6996708.batch;batch;;COMPLETED;0:0;00:00:40;40;2026-05-04T16:40:44;2026-05-04T16:41:24;n01p181;56;1;;;;;0n;88972K;00:37:20;2240
6996709;ecm_opt_bo_single;tornado;COMPLETED;0:0;00:02:28;148;2026-05-04T16:17:44;2026-05-04T16:20:12;n01p082;56;1;Dependency;12:00:00;720;/home/ikntcit1/plehanoves/ecm-evolutionary-optimization;0n;;02:18:08;8288
6996709.batch;batch;;COMPLETED;0:0;00:02:28;148;2026-05-04T16:17:44;2026-05-04T16:20:12;n01p082;56;1;;;;;0n;308368K;02:18:08;8288
6996710;ecm_val_bo_single;tornado;COMPLETED;0:0;00:00:28;28;2026-05-04T16:20:14;2026-05-04T16:20:42;n01p041;56;1;Dependency;12:00:00;720;/home/ikntcit1/plehanoves/ecm-evolutionary-optimization;0n;;00:26:08;1568
6996710.batch;batch;;COMPLETED;0:0;00:00:28;28;2026-05-04T16:20:14;2026-05-04T16:20:42;n01p041;56;1;;;;;0n;0;00:26:08;1568
6996711;ecm_opt_ga_single;tornado;COMPLETED;0:0;00:27:02;1622;2026-05-04T16:31:14;2026-05-04T16:58:16;n01p184;56;1;Dependency;12:00:00;720;/home/ikntcit1/plehanoves/ecm-evolutionary-optimization;0n;;1-01:13:52;90832
6996711.batch;batch;;COMPLETED;0:0;00:27:02;1622;2026-05-04T16:31:14;2026-05-04T16:58:16;n01p184;56;1;;;;;0n;309980K;1-01:13:52;90832
6996712;ecm_val_ga_single;tornado;COMPLETED;0:0;00:00:36;36;2026-05-04T16:58:18;2026-05-04T16:58:54;n01p184;56;1;Dependency;12:00:00;720;/home/ikntcit1/plehanoves/ecm-evolutionary-optimization;0n;;00:33:36;2016
6996712.batch;batch;;COMPLETED;0:0;00:00:36;36;2026-05-04T16:58:18;2026-05-04T16:58:54;n01p184;56;1;;;;;0n;92688K;00:33:36;2016
6996713;ecm_analysis_single_dataset_all_methods;tornado;COMPLETED;0:0;00:00:21;21;2026-05-04T16:58:58;2026-05-04T16:59:19;n01p189;56;1;Dependency;12:00:00;720;/home/ikntcit1/plehanoves/ecm-evolutionary-optimization;0n;;00:19:36;1176
6996713.batch;batch;;COMPLETED;0:0;00:00:21;21;2026-05-04T16:58:58;2026-05-04T16:59:19;n01p189;56;1;;;;;0n;0;00:19:36;1176
7000158;ecm_plan_multi;tornado;FAILED;2:0;00:00:04;4;2026-05-05T01:18:52;2026-05-05T01:18:56;n01p117;56;1;None;02:00:00;120;/home/ikntcit1/plehanoves/ecm-evolutionary-optimization;0n;;00:03:44;224
7000158.batch;batch;;FAILED;2:0;00:00:04;4;2026-05-05T01:18:52;2026-05-05T01:18:56;n01p117;56;1;;;;;0n;0;00:03:44;224
7000159;ecm_plan_multi;tornado;FAILED;2:0;00:00:05;5;2026-05-05T01:29:08;2026-05-05T01:29:13;n01p034;56;1;None;02:00:00;120;/home/ikntcit1/plehanoves/ecm-evolutionary-optimization;0n;;00:04:40;280
7000159.batch;batch;;FAILED;2:0;00:00:05;5;2026-05-05T01:29:08;2026-05-05T01:29:13;n01p034;56;1;;;;;0n;0;00:04:40;280
7000159.0;ecm-optimizer;;FAILED;2:0;00:00:00;0;2026-05-05T01:29:13;2026-05-05T01:29:13;n01p034;2;1;;;;;0n;0;00:00:00;0
7000522;ecm_plan_multi;tornado;FAILED;2:0;00:00:07;7;2026-05-05T03:21:30;2026-05-05T03:21:37;n01p094;56;1;None;02:00:00;120;/home/ikntcit1/plehanoves/ecm-evolutionary-optimization;0n;;00:06:32;392
7000522.batch;batch;;FAILED;2:0;00:00:07;7;2026-05-05T03:21:30;2026-05-05T03:21:37;n01p094;56;1;;;;;0n;0;00:06:32;392
7000522.0;python;;FAILED;2:0;00:00:00;0;2026-05-05T03:21:37;2026-05-05T03:21:37;n01p094;2;1;;;;;0n;0;00:00:00;0
7000523;ecm_plan_multi;tornado;COMPLETED;0:0;00:00:09;9;2026-05-05T03:48:17;2026-05-05T03:48:26;n01p034;56;1;None;02:00:00;120;/home/ikntcit1/plehanoves/ecm-evolutionary-optimization;0n;;00:08:24;504
7000523.batch;batch;;COMPLETED;0:0;00:00:09;9;2026-05-05T03:48:17;2026-05-05T03:48:26;n01p034;56;1;;;;;0n;0;00:08:24;504
7000523.0;ecm-optimizer;;COMPLETED;0:0;00:00:01;1;2026-05-05T03:48:25;2026-05-05T03:48:26;n01p034;2;1;;;;;0n;0;00:00:02;2
7000524;ecm_dataset_20_single;tornado;COMPLETED;0:0;00:00:05;5;2026-05-05T03:48:27;2026-05-05T03:48:32;n01p034;56;1;None;12:00:00;720;/home/ikntcit1/plehanoves/ecm-evolutionary-optimization;0n;;00:04:40;280
7000524.batch;batch;;COMPLETED;0:0;00:00:05;5;2026-05-05T03:48:27;2026-05-05T03:48:32;n01p034;56;1;;;;;0n;0;00:04:40;280
7000525;ecm_opt_de_single;tornado;CANCELLED by 50832;0:0;00:22:27;1347;2026-05-05T03:48:49;2026-05-05T04:11:16;n01p034;56;1;Dependency;12:00:00;720;/home/ikntcit1/plehanoves/ecm-evolutionary-optimization;0n;;20:57:12;75432
7000525.batch;batch;;CANCELLED;0:15;00:22:28;1348;2026-05-05T03:48:49;2026-05-05T04:11:17;n01p034;56;1;;;;;0n;225632K;20:58:08;75488
7000527;ecm_opt_rs_single;tornado;COMPLETED;0:0;00:09:36;576;2026-05-05T03:48:49;2026-05-05T03:58:25;n01p094;56;1;Dependency;12:00:00;720;/home/ikntcit1/plehanoves/ecm-evolutionary-optimization;0n;;08:57:36;32256
7000527.batch;batch;;COMPLETED;0:0;00:09:36;576;2026-05-05T03:48:49;2026-05-05T03:58:25;n01p094;56;1;;;;;0n;235320K;08:57:36;32256
7000528;ecm_val_rs_single;tornado;COMPLETED;0:0;00:04:16;256;2026-05-05T03:58:49;2026-05-05T04:03:05;n01p094;56;1;Dependency;12:00:00;720;/home/ikntcit1/plehanoves/ecm-evolutionary-optimization;0n;;03:58:56;14336
7000528.batch;batch;;COMPLETED;0:0;00:04:16;256;2026-05-05T03:58:49;2026-05-05T04:03:05;n01p094;56;1;;;;;0n;279024K;03:58:56;14336
7000531;ecm_opt_bo_single;tornado;COMPLETED;0:0;00:06:30;390;2026-05-05T03:58:49;2026-05-05T04:05:19;n01p097;56;1;Dependency;12:00:00;720;/home/ikntcit1/plehanoves/ecm-evolutionary-optimization;0n;;06:04:00;21840
7000531.batch;batch;;COMPLETED;0:0;00:06:30;390;2026-05-05T03:58:49;2026-05-05T04:05:19;n01p097;56;1;;;;;0n;342060K;06:04:00;21840
7000532;ecm_val_bo_single;tornado;COMPLETED;0:0;00:04:23;263;2026-05-05T04:05:19;2026-05-05T04:09:42;n01p094;56;1;Dependency;12:00:00;720;/home/ikntcit1/plehanoves/ecm-evolutionary-optimization;0n;;04:05:28;14728
7000532.batch;batch;;COMPLETED;0:0;00:04:23;263;2026-05-05T04:05:19;2026-05-05T04:09:42;n01p094;56;1;;;;;0n;395276K;04:05:28;14728
7000539;ecm_plan_multi;tornado;COMPLETED;0:0;00:00:06;6;2026-05-05T04:20:56;2026-05-05T04:21:02;n01p034;56;1;None;02:00:00;120;/home/ikntcit1/plehanoves/ecm-evolutionary-optimization;0n;;00:05:36;336
7000539.batch;batch;;COMPLETED;0:0;00:00:06;6;2026-05-05T04:20:56;2026-05-05T04:21:02;n01p034;56;1;;;;;0n;0;00:05:36;336
7000539.0;ecm-optimizer;;COMPLETED;0:0;00:00:00;0;2026-05-05T04:21:01;2026-05-05T04:21:01;n01p034;2;1;;;;;0n;0;00:00:00;0
7000540;ecm_dataset_20_single;tornado;COMPLETED;0:0;00:00:11;11;2026-05-05T04:21:20;2026-05-05T04:21:31;n01p034;56;1;None;12:00:00;720;/home/ikntcit1/plehanoves/ecm-evolutionary-optimization;0n;;00:10:16;616
7000540.batch;batch;;COMPLETED;0:0;00:00:11;11;2026-05-05T04:21:20;2026-05-05T04:21:31;n01p034;56;1;;;;;0n;0;00:10:16;616
7000541;ecm_opt_de_single;tornado;COMPLETED;0:0;00:42:26;2546;2026-05-05T04:21:50;2026-05-05T05:04:16;n01p034;56;1;Dependency;12:00:00;720;/home/ikntcit1/plehanoves/ecm-evolutionary-optimization;0n;;1-15:36:16;142576
7000541.batch;batch;;COMPLETED;0:0;00:42:26;2546;2026-05-05T04:21:50;2026-05-05T05:04:16;n01p034;56;1;;;;;0n;226332K;1-15:36:16;142576
7000542;ecm_val_de_single;tornado;COMPLETED;0:0;00:04:26;266;2026-05-05T05:04:20;2026-05-05T05:08:46;n01p034;56;1;Dependency;12:00:00;720;/home/ikntcit1/plehanoves/ecm-evolutionary-optimization;0n;;04:08:16;14896
7000542.batch;batch;;COMPLETED;0:0;00:04:26;266;2026-05-05T05:04:20;2026-05-05T05:08:46;n01p034;56;1;;;;;0n;391448K;04:08:16;14896
7000543;ecm_opt_rs_single;tornado;COMPLETED;0:0;00:09:41;581;2026-05-05T04:21:50;2026-05-05T04:31:31;n01p094;56;1;Dependency;12:00:00;720;/home/ikntcit1/plehanoves/ecm-evolutionary-optimization;0n;;09:02:16;32536
7000543.batch;batch;;COMPLETED;0:0;00:09:41;581;2026-05-05T04:21:50;2026-05-05T04:31:31;n01p094;56;1;;;;;0n;343976K;09:02:16;32536
7000544;ecm_val_rs_single;tornado;COMPLETED;0:0;00:04:19;259;2026-05-05T04:31:50;2026-05-05T04:36:09;n01p094;56;1;Dependency;12:00:00;720;/home/ikntcit1/plehanoves/ecm-evolutionary-optimization;0n;;04:01:44;14504
7000544.batch;batch;;COMPLETED;0:0;00:04:19;259;2026-05-05T04:31:50;2026-05-05T04:36:09;n01p094;56;1;;;;;0n;390848K;04:01:44;14504
7000545;ecm_opt_pso_single;tornado;COMPLETED;0:0;00:56:58;3418;2026-05-05T04:21:50;2026-05-05T05:18:48;n01p097;56;1;Dependency;12:00:00;720;/home/ikntcit1/plehanoves/ecm-evolutionary-optimization;0n;;2-05:10:08;191408
7000545.batch;batch;;COMPLETED;0:0;00:56:58;3418;2026-05-05T04:21:50;2026-05-05T05:18:48;n01p097;56;1;;;;;0n;234236K;2-05:10:08;191408
7000546;ecm_val_pso_single;tornado;COMPLETED;0:0;00:04:30;270;2026-05-05T05:18:51;2026-05-05T05:23:21;n01p034;56;1;Dependency;12:00:00;720;/home/ikntcit1/plehanoves/ecm-evolutionary-optimization;0n;;04:12:00;15120
7000546.batch;batch;;COMPLETED;0:0;00:04:30;270;2026-05-05T05:18:51;2026-05-05T05:23:21;n01p034;56;1;;;;;0n;387220K;04:12:00;15120
7000547;ecm_opt_bo_single;tornado;COMPLETED;0:0;00:06:40;400;2026-05-05T04:21:50;2026-05-05T04:28:30;n01p184;56;1;Dependency;12:00:00;720;/home/ikntcit1/plehanoves/ecm-evolutionary-optimization;0n;;06:13:20;22400
7000547.batch;batch;;COMPLETED;0:0;00:06:40;400;2026-05-05T04:21:50;2026-05-05T04:28:30;n01p184;56;1;;;;;0n;232948K;06:13:20;22400
7000548;ecm_val_bo_single;tornado;COMPLETED;0:0;00:04:34;274;2026-05-05T04:36:20;2026-05-05T04:40:54;n01p094;56;1;AssocGrpCpuLimit;12:00:00;720;/home/ikntcit1/plehanoves/ecm-evolutionary-optimization;0n;;04:15:44;15344
7000548.batch;batch;;COMPLETED;0:0;00:04:34;274;2026-05-05T04:36:20;2026-05-05T04:40:54;n01p094;56;1;;;;;0n;389988K;04:15:44;15344
7000549;ecm_opt_ga_single;tornado;COMPLETED;0:0;01:10:06;4206;2026-05-05T04:28:50;2026-05-05T05:38:56;n01p184;56;1;AssocGrpCpuLimit;12:00:00;720;/home/ikntcit1/plehanoves/ecm-evolutionary-optimization;0n;;2-17:25:36;235536
7000549.batch;batch;;COMPLETED;0:0;01:10:06;4206;2026-05-05T04:28:50;2026-05-05T05:38:56;n01p184;56;1;;;;;0n;405288K;2-17:25:36;235536
7000550;ecm_val_ga_single;tornado;COMPLETED;0:0;00:04:21;261;2026-05-05T05:38:59;2026-05-05T05:43:20;n01p034;56;1;Dependency;12:00:00;720;/home/ikntcit1/plehanoves/ecm-evolutionary-optimization;0n;;04:03:36;14616
7000550.batch;batch;;COMPLETED;0:0;00:04:21;261;2026-05-05T05:38:59;2026-05-05T05:43:20;n01p034;56;1;;;;;0n;388280K;04:03:36;14616
7000551;ecm_analysis_single_dataset_all_methods;tornado;COMPLETED;0:0;00:00:21;21;2026-05-05T05:43:24;2026-05-05T05:43:45;n01p034;56;1;Dependency;12:00:00;720;/home/ikntcit1/plehanoves/ecm-evolutionary-optimization;0n;;00:19:36;1176
7000551.batch;batch;;COMPLETED;0:0;00:00:21;21;2026-05-05T05:43:24;2026-05-05T05:43:45;n01p034;56;1;;;;;0n;0;00:19:36;1176
7011724;ecm_plan_multi;tornado;FAILED;2:0;00:00:08;8;2026-05-05T23:31:18;2026-05-05T23:31:26;n01p535;56;1;None;02:00:00;120;/home/ikntcit1/plehanoves/ecm-evolutionary-optimization;0n;;00:07:28;448
7011724.batch;batch;;FAILED;2:0;00:00:08;8;2026-05-05T23:31:18;2026-05-05T23:31:26;n01p535;56;1;;;;;0n;0;00:07:28;448
7011724.0;ecm-optimizer;;FAILED;2:0;00:00:00;0;2026-05-05T23:31:26;2026-05-05T23:31:26;n01p535;2;1;;;;;0n;0;00:00:00;0
7012213;ecm_plan_multi;tornado;FAILED;2:0;00:00:05;5;2026-05-06T00:16:39;2026-05-06T00:16:44;n01p186;56;1;None;02:00:00;120;/home/ikntcit1/plehanoves/ecm-evolutionary-optimization;0n;;00:04:40;280
7012213.batch;batch;;FAILED;2:0;00:00:05;5;2026-05-06T00:16:39;2026-05-06T00:16:44;n01p186;56;1;;;;;0n;0;00:04:40;280
7012213.0;ecm-optimizer;;FAILED;2:0;00:00:00;0;2026-05-06T00:16:44;2026-05-06T00:16:44;n01p186;2;1;;;;;0n;0;00:00:00;0
7012216;ecm_plan_multi;tornado;COMPLETED;0:0;00:00:05;5;2026-05-06T00:18:26;2026-05-06T00:18:31;n01p186;56;1;None;02:00:00;120;/home/ikntcit1/plehanoves/ecm-evolutionary-optimization;0n;;00:04:40;280
7012216.batch;batch;;COMPLETED;0:0;00:00:05;5;2026-05-06T00:18:26;2026-05-06T00:18:31;n01p186;56;1;;;;;0n;0;00:04:40;280
7012216.0;ecm-optimizer;;COMPLETED;0:0;00:00:01;1;2026-05-06T00:18:30;2026-05-06T00:18:31;n01p186;2;1;;;;;0n;0;00:00:02;2
7012217;ecm_dataset_20_single;tornado;COMPLETED;0:0;00:00:04;4;2026-05-06T00:18:38;2026-05-06T00:18:42;n01p189;56;1;None;12:00:00;720;/home/ikntcit1/plehanoves/ecm-evolutionary-optimization;0n;;00:03:44;224
7012217.batch;batch;;COMPLETED;0:0;00:00:04;4;2026-05-06T00:18:38;2026-05-06T00:18:42;n01p189;56;1;;;;;0n;0;00:03:44;224
7012241;ecm_plan_multi;tornado;FAILED;2:0;00:00:04;4;2026-05-06T00:33:38;2026-05-06T00:33:42;n01p134;56;1;None;02:00:00;120;/home/ikntcit1/plehanoves/ecm-evolutionary-optimization;0n;;00:03:44;224
7012241.batch;batch;;FAILED;2:0;00:00:04;4;2026-05-06T00:33:38;2026-05-06T00:33:42;n01p134;56;1;;;;;0n;0;00:03:44;224
7012241.0;ecm-optimizer;;FAILED;2:0;00:00:00;0;2026-05-06T00:33:42;2026-05-06T00:33:42;n01p134;2;1;;;;;0n;0;00:00:00;0
7012253;ecm_plan_multi;tornado;COMPLETED;0:0;00:00:05;5;2026-05-06T00:46:47;2026-05-06T00:46:52;n01p253;56;1;None;02:00:00;120;/home/ikntcit1/plehanoves/ecm-evolutionary-optimization;0n;;00:04:40;280
7012253.batch;batch;;COMPLETED;0:0;00:00:05;5;2026-05-06T00:46:47;2026-05-06T00:46:52;n01p253;56;1;;;;;0n;0;00:04:40;280
7012253.0;ecm-optimizer;;COMPLETED;0:0;00:00:01;1;2026-05-06T00:46:50;2026-05-06T00:46:51;n01p253;2;1;;;;;0n;0;00:00:02;2
7012254;ecm_dataset_20_single;tornado;COMPLETED;0:0;00:00:04;4;2026-05-06T00:46:54;2026-05-06T00:46:58;n01p253;56;1;None;12:00:00;720;/home/ikntcit1/plehanoves/ecm-evolutionary-optimization;0n;;00:03:44;224
7012254.batch;batch;;COMPLETED;0:0;00:00:04;4;2026-05-06T00:46:54;2026-05-06T00:46:58;n01p253;56;1;;;;;0n;0;00:03:44;224
7012255;ecm_opt_de_single;tornado;COMPLETED;0:0;07:32:18;27138;2026-05-06T00:47:11;2026-05-06T08:19:29;n01p253;56;1;Dependency;12:00:00;720;/home/ikntcit1/plehanoves/ecm-evolutionary-optimization;0n;;17-14:08:48;1519728
7012255.batch;batch;;COMPLETED;0:0;07:32:18;27138;2026-05-06T00:47:11;2026-05-06T08:19:29;n01p253;56;1;;;;;0n;993876K;17-14:08:48;1519728
7012256;ecm_val_de_single;tornado;COMPLETED;0:0;00:14:24;864;2026-05-06T08:19:44;2026-05-06T08:34:08;n01p253;56;1;Dependency;12:00:00;720;/home/ikntcit1/plehanoves/ecm-evolutionary-optimization;0n;;13:26:24;48384
7012256.batch;batch;;COMPLETED;0:0;00:14:24;864;2026-05-06T08:19:44;2026-05-06T08:34:08;n01p253;56;1;;;;;0n;448940K;13:26:24;48384
7012257;ecm_opt_rs_single;tornado;COMPLETED;0:0;02:18:35;8315;2026-05-06T00:47:11;2026-05-06T03:05:46;n01p255;56;1;Dependency;12:00:00;720;/home/ikntcit1/plehanoves/ecm-evolutionary-optimization;0n;;5-09:20:40;465640
7012257.batch;batch;;COMPLETED;0:0;02:18:35;8315;2026-05-06T00:47:11;2026-05-06T03:05:46;n01p255;56;1;;;;;0n;995860K;5-09:20:40;465640
7012258;ecm_val_rs_single;tornado;COMPLETED;0:0;00:14:25;865;2026-05-06T03:20:33;2026-05-06T03:34:58;n01p165;56;1;AssocGrpCpuLimit;12:00:00;720;/home/ikntcit1/plehanoves/ecm-evolutionary-optimization;0n;;13:27:20;48440
7012258.batch;batch;;COMPLETED;0:0;00:14:25;865;2026-05-06T03:20:33;2026-05-06T03:34:58;n01p165;56;1;;;;;0n;338156K;13:27:20;48440
7012259;ecm_opt_pso_single;tornado;COMPLETED;0:0;07:22:54;26574;2026-05-06T00:47:11;2026-05-06T08:10:05;n01p271;56;1;Dependency;12:00:00;720;/home/ikntcit1/plehanoves/ecm-evolutionary-optimization;0n;;17-05:22:24;1488144
7012259.batch;batch;;COMPLETED;0:0;07:22:54;26574;2026-05-06T00:47:11;2026-05-06T08:10:05;n01p271;56;1;;;;;0n;1100944K;17-05:22:24;1488144
7012260;ecm_val_pso_single;tornado;COMPLETED;0:0;00:14:44;884;2026-05-06T08:10:14;2026-05-06T08:24:58;n01p271;56;1;Dependency;12:00:00;720;/home/ikntcit1/plehanoves/ecm-evolutionary-optimization;0n;;13:45:04;49504
7012260.batch;batch;;COMPLETED;0:0;00:14:44;884;2026-05-06T08:10:14;2026-05-06T08:24:58;n01p271;56;1;;;;;0n;301760K;13:45:04;49504
7012261;ecm_opt_bo_single;tornado;COMPLETED;0:0;00:58:29;3509;2026-05-06T00:47:11;2026-05-06T01:45:40;n01p279;56;1;Dependency;12:00:00;720;/home/ikntcit1/plehanoves/ecm-evolutionary-optimization;0n;;2-06:35:04;196504
7012261.batch;batch;;COMPLETED;0:0;00:58:29;3509;2026-05-06T00:47:11;2026-05-06T01:45:40;n01p279;56;1;;;;;0n;1096304K;2-06:35:04;196504
7012262;ecm_val_bo_single;tornado;COMPLETED;0:0;00:14:29;869;2026-05-06T03:05:56;2026-05-06T03:20:25;n01p176;56;1;AssocGrpCpuLimit;12:00:00;720;/home/ikntcit1/plehanoves/ecm-evolutionary-optimization;0n;;13:31:04;48664
7012262.batch;batch;;COMPLETED;0:0;00:14:29;869;2026-05-06T03:05:56;2026-05-06T03:20:25;n01p176;56;1;;;;;0n;336040K;13:31:04;48664
7012263;ecm_opt_ga_single;tornado;COMPLETED;0:0;09:12:48;33168;2026-05-06T01:45:54;2026-05-06T10:58:42;n01p490;56;1;AssocGrpCpuLimit;12:00:00;720;/home/ikntcit1/plehanoves/ecm-evolutionary-optimization;0n;;21-11:56:48;1857408
7012263.batch;batch;;COMPLETED;0:0;09:12:48;33168;2026-05-06T01:45:54;2026-05-06T10:58:42;n01p490;56;1;;;;;0n;1082380K;21-11:56:48;1857408
7012264;ecm_val_ga_single;tornado;COMPLETED;0:0;00:14:32;872;2026-05-06T10:59:03;2026-05-06T11:13:35;n01p182;56;1;Dependency;12:00:00;720;/home/ikntcit1/plehanoves/ecm-evolutionary-optimization;0n;;13:33:52;48832
7012264.batch;batch;;COMPLETED;0:0;00:14:32;872;2026-05-06T10:59:03;2026-05-06T11:13:35;n01p182;56;1;;;;;0n;448308K;13:33:52;48832
7012265;ecm_analysis_single_dataset_all_methods;tornado;COMPLETED;0:0;00:00:17;17;2026-05-06T11:14:05;2026-05-06T11:14:22;n01p082;56;1;Dependency;12:00:00;720;/home/ikntcit1/plehanoves/ecm-evolutionary-optimization;0n;;00:15:52;952
7012265.batch;batch;;COMPLETED;0:0;00:00:17;17;2026-05-06T11:14:05;2026-05-06T11:14:22;n01p082;56;1;;;;;0n;0;00:15:52;952
7040938;ecm_plan_multi;tornado;COMPLETED;0:0;00:00:08;8;2026-05-09T10:52:12;2026-05-09T10:52:20;n01p099;56;1;None;02:00:00;120;/home/ikntcit1/plehanoves/ecm-evolutionary-optimization;0n;;00:07:28;448
7040938.batch;batch;;COMPLETED;0:0;00:00:08;8;2026-05-09T10:52:12;2026-05-09T10:52:20;n01p099;56;1;;;;;0n;0;00:07:28;448
7040938.0;ecm-optimizer;;COMPLETED;0:0;00:00:01;1;2026-05-09T10:52:19;2026-05-09T10:52:20;n01p099;2;1;;;;;0n;0;00:00:02;2
7040939;ecm_dataset_20_single;tornado;COMPLETED;0:0;00:00:05;5;2026-05-09T10:52:21;2026-05-09T10:52:26;n01p099;56;1;None;12:00:00;720;/home/ikntcit1/plehanoves/ecm-evolutionary-optimization;0n;;00:04:40;280
7040939.batch;batch;;COMPLETED;0:0;00:00:05;5;2026-05-09T10:52:21;2026-05-09T10:52:26;n01p099;56;1;;;;;0n;0;00:04:40;280
7040940;ecm_opt_de_single;tornado;COMPLETED;0:0;03:11:00;11460;2026-05-09T10:52:43;2026-05-09T14:03:43;n01p055;56;1;Dependency;12:00:00;720;/home/ikntcit1/plehanoves/ecm-evolutionary-optimization;0n;;7-10:16:00;641760
7040940.batch;batch;;COMPLETED;0:0;03:11:00;11460;2026-05-09T10:52:43;2026-05-09T14:03:43;n01p055;56;1;;;;;0n;1261948K;7-10:16:00;641760
7040941;ecm_val_de_single;tornado;COMPLETED;0:0;00:15:04;904;2026-05-09T14:03:46;2026-05-09T14:18:50;n01p055;56;1;Dependency;12:00:00;720;/home/ikntcit1/plehanoves/ecm-evolutionary-optimization;0n;;14:03:44;50624
7040941.batch;batch;;COMPLETED;0:0;00:15:04;904;2026-05-09T14:03:46;2026-05-09T14:18:50;n01p055;56;1;;;;;0n;397320K;14:03:44;50624
7040942;ecm_opt_rs_single;tornado;COMPLETED;0:0;03:18:45;11925;2026-05-09T10:52:43;2026-05-09T14:11:28;n01p099;56;1;Dependency;12:00:00;720;/home/ikntcit1/plehanoves/ecm-evolutionary-optimization;0n;;7-17:30:00;667800
7040942.batch;batch;;COMPLETED;0:0;03:18:45;11925;2026-05-09T10:52:43;2026-05-09T14:11:28;n01p099;56;1;;;;;0n;1438116K;7-17:30:00;667800
7040943;ecm_val_rs_single;tornado;COMPLETED;0:0;00:14:52;892;2026-05-09T14:11:46;2026-05-09T14:26:38;n01p099;56;1;Dependency;12:00:00;720;/home/ikntcit1/plehanoves/ecm-evolutionary-optimization;0n;;13:52:32;49952
7040943.batch;batch;;COMPLETED;0:0;00:14:52;892;2026-05-09T14:11:46;2026-05-09T14:26:38;n01p099;56;1;;;;;0n;1708856K;13:52:32;49952
7040944;ecm_opt_pso_single;tornado;COMPLETED;0:0;03:21:19;12079;2026-05-09T10:52:43;2026-05-09T14:14:02;n01p345;56;1;Dependency;12:00:00;720;/home/ikntcit1/plehanoves/ecm-evolutionary-optimization;0n;;7-19:53:44;676424
7040944.batch;batch;;COMPLETED;0:0;03:21:19;12079;2026-05-09T10:52:43;2026-05-09T14:14:02;n01p345;56;1;;;;;0n;1361868K;7-19:53:44;676424
7040945;ecm_val_pso_single;tornado;COMPLETED;0:0;00:15:33;933;2026-05-09T14:14:19;2026-05-09T14:29:52;n01p094;56;1;Dependency;12:00:00;720;/home/ikntcit1/plehanoves/ecm-evolutionary-optimization;0n;;14:30:48;52248
7040945.batch;batch;;COMPLETED;0:0;00:15:33;933;2026-05-09T14:14:19;2026-05-09T14:29:52;n01p094;56;1;;;;;0n;493484K;14:30:48;52248
7040946;ecm_opt_bo_single;tornado;COMPLETED;0:0;02:53:00;10380;2026-05-09T10:52:43;2026-05-09T13:45:43;n01p347;56;1;Dependency;12:00:00;720;/home/ikntcit1/plehanoves/ecm-evolutionary-optimization;0n;;6-17:28:00;581280
7040946.batch;batch;;COMPLETED;0:0;02:53:00;10380;2026-05-09T10:52:43;2026-05-09T13:45:43;n01p347;56;1;;;;;0n;1044060K;6-17:28:00;581280
7040947;ecm_val_bo_single;tornado;COMPLETED;0:0;00:14:26;866;2026-05-09T13:45:46;2026-05-09T14:00:12;n01p347;56;1;Dependency;12:00:00;720;/home/ikntcit1/plehanoves/ecm-evolutionary-optimization;0n;;13:28:16;48496
7040947.batch;batch;;COMPLETED;0:0;00:14:26;866;2026-05-09T13:45:46;2026-05-09T14:00:12;n01p347;56;1;;;;;0n;386532K;13:28:16;48496
7040948;ecm_opt_ga_single;tornado;COMPLETED;0:0;03:24:42;12282;2026-05-09T11:35:32;2026-05-09T15:00:14;n01p233;56;1;AssocGrpCpuLimit;12:00:00;720;/home/ikntcit1/plehanoves/ecm-evolutionary-optimization;0n;;7-23:03:12;687792
7040948.batch;batch;;COMPLETED;0:0;03:24:42;12282;2026-05-09T11:35:32;2026-05-09T15:00:14;n01p233;56;1;;;;;0n;1223380K;7-23:03:12;687792
7040949;ecm_val_ga_single;tornado;COMPLETED;0:0;00:14:37;877;2026-05-09T15:00:16;2026-05-09T15:14:53;n01p137;56;1;Dependency;12:00:00;720;/home/ikntcit1/plehanoves/ecm-evolutionary-optimization;0n;;13:38:32;49112
7040949.batch;batch;;COMPLETED;0:0;00:14:37;877;2026-05-09T15:00:16;2026-05-09T15:14:53;n01p137;56;1;;;;;0n;1976184K;13:38:32;49112
7040950;ecm_analysis_single_dataset_all_methods;tornado;COMPLETED;0:0;00:00:15;15;2026-05-09T15:15:20;2026-05-09T15:15:35;n01p137;56;1;Dependency;12:00:00;720;/home/ikntcit1/plehanoves/ecm-evolutionary-optimization;0n;;00:14:00;840
7040950.batch;batch;;COMPLETED;0:0;00:00:15;15;2026-05-09T15:15:20;2026-05-09T15:15:35;n01p137;56;1;;;;;0n;0;00:14:00;840
7101767;ecm_plan_multi;tornado;COMPLETED;0:0;00:00:07;7;2026-05-19T02:37:55;2026-05-19T02:38:02;n01p060;56;1;None;02:00:00;120;/home/ikntcit1/plehanoves/ecm-evolutionary-optimization;0n;;00:06:32;392
7101767.batch;batch;;COMPLETED;0:0;00:00:07;7;2026-05-19T02:37:55;2026-05-19T02:38:02;n01p060;56;1;;;;;0n;0;00:06:32;392
7101767.0;ecm-optimizer;;COMPLETED;0:0;00:00:01;1;2026-05-19T02:38:01;2026-05-19T02:38:02;n01p060;2;1;;;;;0n;0;00:00:02;2
7101768;ecm_dataset_20_single;tornado;COMPLETED;0:0;00:00:04;4;2026-05-19T02:38:02;2026-05-19T02:38:06;n01p060;56;1;None;12:00:00;720;/home/ikntcit1/plehanoves/ecm-evolutionary-optimization;0n;;00:03:44;224
7101768.batch;batch;;COMPLETED;0:0;00:00:04;4;2026-05-19T02:38:02;2026-05-19T02:38:06;n01p060;56;1;;;;;0n;0;00:03:44;224
7101769;ecm_opt_de_single;tornado;COMPLETED;0:0;08:02:06;28926;2026-05-19T02:38:16;2026-05-19T10:40:22;n01p060;56;1;Dependency;12:00:00;720;/home/ikntcit1/plehanoves/ecm-evolutionary-optimization;0n;;18-17:57:36;1619856
7101769.batch;batch;;COMPLETED;0:0;08:02:06;28926;2026-05-19T02:38:16;2026-05-19T10:40:22;n01p060;56;1;;;;;0n;1419212K;18-17:57:36;1619856
7101770;ecm_val_de_single;tornado;COMPLETED;0:0;00:14:22;862;2026-05-19T10:40:26;2026-05-19T10:54:48;n01p041;56;1;Dependency;12:00:00;720;/home/ikntcit1/plehanoves/ecm-evolutionary-optimization;0n;;13:24:32;48272
7101770.batch;batch;;COMPLETED;0:0;00:14:22;862;2026-05-19T10:40:26;2026-05-19T10:54:48;n01p041;56;1;;;;;0n;673324K;13:24:32;48272
7101771;ecm_opt_rs_single;tornado;COMPLETED;0:0;03:28:28;12508;2026-05-19T02:38:16;2026-05-19T06:06:44;n01p069;56;1;Dependency;12:00:00;720;/home/ikntcit1/plehanoves/ecm-evolutionary-optimization;0n;;8-02:34:08;700448
7101771.batch;batch;;COMPLETED;0:0;03:28:28;12508;2026-05-19T02:38:16;2026-05-19T06:06:44;n01p069;56;1;;;;;0n;1378384K;8-02:34:08;700448
7101772;ecm_val_rs_single;tornado;COMPLETED;0:0;00:14:32;872;2026-05-19T06:07:02;2026-05-19T06:21:34;n01p069;56;1;Dependency;12:00:00;720;/home/ikntcit1/plehanoves/ecm-evolutionary-optimization;0n;;13:33:52;48832
7101772.batch;batch;;COMPLETED;0:0;00:14:32;872;2026-05-19T06:07:02;2026-05-19T06:21:34;n01p069;56;1;;;;;0n;475668K;13:33:52;48832
7101773;ecm_opt_pso_single;tornado;COMPLETED;0:0;09:00:51;32451;2026-05-19T02:38:16;2026-05-19T11:39:07;n01p152;56;1;Dependency;12:00:00;720;/home/ikntcit1/plehanoves/ecm-evolutionary-optimization;0n;;21-00:47:36;1817256
7101773.batch;batch;;COMPLETED;0:0;09:00:51;32451;2026-05-19T02:38:16;2026-05-19T11:39:07;n01p152;56;1;;;;;0n;1345132K;21-00:47:36;1817256
7101774;ecm_val_pso_single;tornado;COMPLETED;0:0;00:14:36;876;2026-05-19T11:39:30;2026-05-19T11:54:06;n01p131;56;1;Dependency;12:00:00;720;/home/ikntcit1/plehanoves/ecm-evolutionary-optimization;0n;;13:37:36;49056
7101774.batch;batch;;COMPLETED;0:0;00:14:36;876;2026-05-19T11:39:30;2026-05-19T11:54:06;n01p131;56;1;;;;;0n;560600K;13:37:36;49056
7101775;ecm_opt_bo_single;tornado;COMPLETED;0:0;01:29:16;5356;2026-05-19T02:38:16;2026-05-19T04:07:32;n01p258;56;1;Dependency;12:00:00;720;/home/ikntcit1/plehanoves/ecm-evolutionary-optimization;0n;;3-11:18:56;299936
7101775.batch;batch;;COMPLETED;0:0;01:29:16;5356;2026-05-19T02:38:16;2026-05-19T04:07:32;n01p258;56;1;;;;;0n;1111292K;3-11:18:56;299936
7101776;ecm_val_bo_single;tornado;COMPLETED;0:0;00:14:56;896;2026-05-19T04:07:52;2026-05-19T04:22:48;n01p258;56;1;Dependency;12:00:00;720;/home/ikntcit1/plehanoves/ecm-evolutionary-optimization;0n;;13:56:16;50176
7101776.batch;batch;;COMPLETED;0:0;00:14:56;896;2026-05-19T04:07:52;2026-05-19T04:22:48;n01p258;56;1;;;;;0n;1358952K;13:56:16;50176
7101777;ecm_opt_ga_single;tornado;COMPLETED;0:0;10:10:16;36616;2026-05-19T02:38:16;2026-05-19T12:48:32;n01p486;56;1;Dependency;12:00:00;720;/home/ikntcit1/plehanoves/ecm-evolutionary-optimization;0n;;23-17:34:56;2050496
7101777.batch;batch;;COMPLETED;0:0;10:10:16;36616;2026-05-19T02:38:16;2026-05-19T12:48:32;n01p486;56;1;;;;;0n;1538624K;23-17:34:56;2050496
7101778;ecm_val_ga_single;tornado;COMPLETED;0:0;00:14:24;864;2026-05-19T12:48:33;2026-05-19T13:02:57;n01p486;56;1;Dependency;12:00:00;720;/home/ikntcit1/plehanoves/ecm-evolutionary-optimization;0n;;13:26:24;48384
7101778.batch;batch;;COMPLETED;0:0;00:14:24;864;2026-05-19T12:48:33;2026-05-19T13:02:57;n01p486;56;1;;;;;0n;3460496K;13:26:24;48384
7101779;ecm_analysis_single_dataset_all_methods;tornado;COMPLETED;0:0;00:00:20;20;2026-05-19T13:03:09;2026-05-19T13:03:29;n01p180;56;1;Dependency;12:00:00;720;/home/ikntcit1/plehanoves/ecm-evolutionary-optimization;0n;;00:18:40;1120
7101779.batch;batch;;COMPLETED;0:0;00:00:20;20;2026-05-19T13:03:09;2026-05-19T13:03:29;n01p180;56;1;;;;;0n;0;00:18:40;1120
7105996;ecm_plan_multi;tornado;COMPLETED;0:0;00:00:06;6;2026-05-19T14:53:44;2026-05-19T14:53:50;n01p387;56;1;None;02:00:00;120;/home/ikntcit1/plehanoves/ecm-evolutionary-optimization;0n;;00:05:36;336
7105996.batch;batch;;COMPLETED;0:0;00:00:06;6;2026-05-19T14:53:44;2026-05-19T14:53:50;n01p387;56;1;;;;;0n;0;00:05:36;336
7105996.0;ecm-optimizer;;COMPLETED;0:0;00:00:01;1;2026-05-19T14:53:49;2026-05-19T14:53:50;n01p387;2;1;;;;;0n;0;00:00:02;2
7105998;ecm_dataset_20_single;tornado;COMPLETED;0:0;00:00:05;5;2026-05-19T14:53:52;2026-05-19T14:53:57;n01p387;56;1;None;12:00:00;720;/home/ikntcit1/plehanoves/ecm-evolutionary-optimization;0n;;00:04:40;280
7105998.batch;batch;;COMPLETED;0:0;00:00:05;5;2026-05-19T14:53:52;2026-05-19T14:53:57;n01p387;56;1;;;;;0n;0;00:04:40;280
7105999;ecm_opt_de_single;tornado;COMPLETED;0:0;05:31:46;19906;2026-05-19T14:54:25;2026-05-19T20:26:11;n01p060;56;1;Dependency;12:00:00;720;/home/ikntcit1/plehanoves/ecm-evolutionary-optimization;0n;;12-21:38:56;1114736
7105999.batch;batch;;COMPLETED;0:0;05:31:46;19906;2026-05-19T14:54:25;2026-05-19T20:26:11;n01p060;56;1;;;;;0n;1097048K;12-21:38:56;1114736
7106000;ecm_val_de_single;tornado;COMPLETED;0:0;00:14:26;866;2026-05-19T20:47:02;2026-05-19T21:01:28;n01p204;56;1;Dependency;12:00:00;720;/home/ikntcit1/plehanoves/ecm-evolutionary-optimization;0n;;13:28:16;48496
7106000.batch;batch;;COMPLETED;0:0;00:14:26;866;2026-05-19T20:47:02;2026-05-19T21:01:28;n01p204;56;1;;;;;0n;295036K;13:28:16;48496
7106001;ecm_opt_rs_single;tornado;COMPLETED;0:0;07:05:27;25527;2026-05-19T14:54:25;2026-05-19T21:59:52;n01p211;56;1;Dependency;12:00:00;720;/home/ikntcit1/plehanoves/ecm-evolutionary-optimization;0n;;16-13:05:12;1429512
7106001.batch;batch;;COMPLETED;0:0;07:05:27;25527;2026-05-19T14:54:25;2026-05-19T21:59:52;n01p211;56;1;;;;;0n;472876K;16-13:05:12;1429512
7106002;ecm_val_rs_single;tornado;COMPLETED;0:0;00:14:46;886;2026-05-19T22:00:08;2026-05-19T22:14:54;n01p476;56;1;Dependency;12:00:00;720;/home/ikntcit1/plehanoves/ecm-evolutionary-optimization;0n;;13:46:56;49616
7106002.batch;batch;;COMPLETED;0:0;00:14:46;886;2026-05-19T22:00:08;2026-05-19T22:14:54;n01p476;56;1;;;;;0n;442932K;13:46:56;49616
7106003;ecm_opt_pso_single;tornado;COMPLETED;0:0;06:26:42;23202;2026-05-19T14:54:25;2026-05-19T21:21:07;n01p387;56;1;Dependency;12:00:00;720;/home/ikntcit1/plehanoves/ecm-evolutionary-optimization;0n;;15-00:55:12;1299312
7106003.batch;batch;;COMPLETED;0:0;06:26:42;23202;2026-05-19T14:54:25;2026-05-19T21:21:07;n01p387;56;1;;;;;0n;1029496K;15-00:55:12;1299312
7106004;ecm_val_pso_single;tornado;COMPLETED;0:0;00:14:38;878;2026-05-19T21:21:08;2026-05-19T21:35:46;n01p368;56;1;Dependency;12:00:00;720;/home/ikntcit1/plehanoves/ecm-evolutionary-optimization;0n;;13:39:28;49168
7106004.batch;batch;;COMPLETED;0:0;00:14:38;878;2026-05-19T21:21:08;2026-05-19T21:35:46;n01p368;56;1;;;;;0n;402824K;13:39:28;49168
7106005;ecm_opt_bo_single;tornado;COMPLETED;0:0;04:55:28;17728;2026-05-19T14:54:25;2026-05-19T19:49:53;n01p486;56;1;Dependency;12:00:00;720;/home/ikntcit1/plehanoves/ecm-evolutionary-optimization;0n;;11-11:46:08;992768
7106005.batch;batch;;COMPLETED;0:0;04:55:28;17728;2026-05-19T14:54:25;2026-05-19T19:49:53;n01p486;56;1;;;;;0n;1117888K;11-11:46:08;992768
7106006;ecm_val_bo_single;tornado;COMPLETED;0:0;00:14:39;879;2026-05-19T19:50:12;2026-05-19T20:04:51;n01p205;56;1;Dependency;12:00:00;720;/home/ikntcit1/plehanoves/ecm-evolutionary-optimization;0n;;13:40:24;49224
7106006.batch;batch;;COMPLETED;0:0;00:14:39;879;2026-05-19T19:50:12;2026-05-19T20:04:51;n01p205;56;1;;;;;0n;441972K;13:40:24;49224
7106007;ecm_opt_ga_single;tornado;COMPLETED;0:0;05:27:39;19659;2026-05-19T14:54:25;2026-05-19T20:22:04;n01p489;56;1;Dependency;12:00:00;720;/home/ikntcit1/plehanoves/ecm-evolutionary-optimization;0n;;12-17:48:24;1100904
7106007.batch;batch;;COMPLETED;0:0;05:27:39;19659;2026-05-19T14:54:25;2026-05-19T20:22:04;n01p489;56;1;;;;;0n;969008K;12-17:48:24;1100904
7106008;ecm_val_ga_single;tornado;COMPLETED;0:0;00:14:26;866;2026-05-19T20:47:02;2026-05-19T21:01:28;n01p201;56;1;Dependency;12:00:00;720;/home/ikntcit1/plehanoves/ecm-evolutionary-optimization;0n;;13:28:16;48496
7106008.batch;batch;;COMPLETED;0:0;00:14:26;866;2026-05-19T20:47:02;2026-05-19T21:01:28;n01p201;56;1;;;;;0n;405048K;13:28:16;48496
7106009;ecm_analysis_single_dataset_all_methods;tornado;COMPLETED;0:0;00:00:14;14;2026-05-19T22:15:13;2026-05-19T22:15:27;n01p096;56;1;Dependency;12:00:00;720;/home/ikntcit1/plehanoves/ecm-evolutionary-optimization;0n;;00:13:04;784
7106009.batch;batch;;COMPLETED;0:0;00:00:14;14;2026-05-19T22:15:13;2026-05-19T22:15:27;n01p096;56;1;;;;;0n;0;00:13:04;784
