run_report,dataset,divisor_size,method,seed,final_objective,total_runtime_sec,evaluation_count,time_to_best_sec,validation_relative_improvement_pct,run_file,validation_file
data/experiments/20_dset_20260409T100023Z/bo/optimize_20260409T100750Z/bo_optimize_20260409T100750Z_report.md?display_name=%F0%9F%93%84,data/numbers/20_dset_20260409T100023Z/train.json?display_name=20_dset_20260409T100023Z,20,bo,10007,0.6589011119795032,12.098437362990808,38,12.098177615029272,30.587413082307428,data/experiments/20_dset_20260409T100023Z/bo/optimize_20260409T100750Z/bo_optimize_20260409T100750Z.json?display_name=bo_optimize_20260409T100750Z.json,data/experiments/20_dset_20260409T100023Z/bo/optimize_20260409T100750Z/bo_validate_20260409T100753Z.json?display_name=bo_validate_20260409T100753Z.json
data/experiments/20_dset_20260409T100023Z/bo/optimize_20260409T100806Z/bo_optimize_20260409T100806Z_report.md?display_name=%F0%9F%93%84,data/numbers/20_dset_20260409T100023Z/train.json?display_name=20_dset_20260409T100023Z,20,bo,10007,0.7087535200989805,12.346273046976421,38,10.570198107976466,25.195741569886508,data/experiments/20_dset_20260409T100023Z/bo/optimize_20260409T100806Z/bo_optimize_20260409T100806Z.json?display_name=bo_optimize_20260409T100806Z.json,data/experiments/20_dset_20260409T100023Z/bo/optimize_20260409T100806Z/bo_validate_20260409T100809Z.json?display_name=bo_validate_20260409T100809Z.json
data/experiments/20_dset_20260409T100023Z/bo/optimize_20260409T100819Z/bo_optimize_20260409T100819Z_report.md?display_name=%F0%9F%93%84,data/numbers/20_dset_20260409T100023Z/train.json?display_name=20_dset_20260409T100023Z,20,bo,10007,0.6581318341486622,12.016015723987948,38,11.777113259013277,28.176306055236406,data/experiments/20_dset_20260409T100023Z/bo/optimize_20260409T100819Z/bo_optimize_20260409T100819Z.json?display_name=bo_optimize_20260409T100819Z.json,data/experiments/20_dset_20260409T100023Z/bo/optimize_20260409T100819Z/bo_validate_20260409T100822Z.json?display_name=bo_validate_20260409T100822Z.json
data/experiments/20_dset_20260409T100023Z/de/optimize_20260409T100122Z/de_optimize_20260409T100122Z_report.md?display_name=%F0%9F%93%84,data/numbers/20_dset_20260409T100023Z/train.json?display_name=20_dset_20260409T100023Z,20,de,10007,0.6459156122291461,62.615560965030454,220,36.540428006032016,30.09918728142818,data/experiments/20_dset_20260409T100023Z/de/optimize_20260409T100122Z/de_optimize_20260409T100122Z.json?display_name=de_optimize_20260409T100122Z.json,data/experiments/20_dset_20260409T100023Z/de/optimize_20260409T100122Z/de_validate_20260409T100125Z.json?display_name=de_validate_20260409T100125Z.json
data/experiments/20_dset_20260409T100023Z/de/optimize_20260409T100225Z/de_optimize_20260409T100225Z_report.md?display_name=%F0%9F%93%84,data/numbers/20_dset_20260409T100023Z/train.json?display_name=20_dset_20260409T100023Z,20,de,10007,0.6531195326242596,64.00330707494868,220,61.888803159992676,25.087010099272174,data/experiments/20_dset_20260409T100023Z/de/optimize_20260409T100225Z/de_optimize_20260409T100225Z.json?display_name=de_optimize_20260409T100225Z.json,data/experiments/20_dset_20260409T100023Z/de/optimize_20260409T100225Z/de_validate_20260409T100228Z.json?display_name=de_validate_20260409T100228Z.json
data/experiments/20_dset_20260409T100023Z/de/optimize_20260409T100324Z/de_optimize_20260409T100324Z_report.md?display_name=%F0%9F%93%84,data/numbers/20_dset_20260409T100023Z/train.json?display_name=20_dset_20260409T100023Z,20,de,10007,0.6872798786673229,60.31693859002553,220,22.43603133398574,24.08453653285545,data/experiments/20_dset_20260409T100023Z/de/optimize_20260409T100324Z/de_optimize_20260409T100324Z.json?display_name=de_optimize_20260409T100324Z.json,data/experiments/20_dset_20260409T100023Z/de/optimize_20260409T100324Z/de_validate_20260409T100328Z.json?display_name=de_validate_20260409T100328Z.json
data/experiments/20_dset_20260409T100023Z/ga/optimize_20260409T100930Z/ga_optimize_20260409T100930Z_report.md?display_name=%F0%9F%93%84,data/numbers/20_dset_20260409T100023Z/train.json?display_name=20_dset_20260409T100023Z,20,ga,10007,0.6613662160234526,72.16531355900224,316,63.25422172999242,28.599911241704472,data/experiments/20_dset_20260409T100023Z/ga/optimize_20260409T100930Z/ga_optimize_20260409T100930Z.json?display_name=ga_optimize_20260409T100930Z.json,data/experiments/20_dset_20260409T100023Z/ga/optimize_20260409T100930Z/ga_validate_20260409T100933Z.json?display_name=ga_validate_20260409T100933Z.json
data/experiments/20_dset_20260409T100023Z/ga/optimize_20260409T101042Z/ga_optimize_20260409T101042Z_report.md?display_name=%F0%9F%93%84,data/numbers/20_dset_20260409T100023Z/train.json?display_name=20_dset_20260409T100023Z,20,ga,10007,0.6565934004320297,75.67847254802473,316,75.46961691603065,28.24103555723811,data/experiments/20_dset_20260409T100023Z/ga/optimize_20260409T101042Z/ga_optimize_20260409T101042Z.json?display_name=ga_optimize_20260409T101042Z.json,data/experiments/20_dset_20260409T100023Z/ga/optimize_20260409T101042Z/ga_validate_20260409T101045Z.json?display_name=ga_validate_20260409T101045Z.json
data/experiments/20_dset_20260409T100023Z/ga/optimize_20260409T101153Z/ga_optimize_20260409T101153Z_report.md?display_name=%F0%9F%93%84,data/numbers/20_dset_20260409T100023Z/train.json?display_name=20_dset_20260409T100023Z,20,ga,10007,0.67561375653313,71.63746657804586,316,33.56995343702147,28.138518136403306,data/experiments/20_dset_20260409T100023Z/ga/optimize_20260409T101153Z/ga_optimize_20260409T101153Z.json?display_name=ga_optimize_20260409T101153Z.json,data/experiments/20_dset_20260409T100023Z/ga/optimize_20260409T101153Z/ga_validate_20260409T101156Z.json?display_name=ga_validate_20260409T101156Z.json
data/experiments/20_dset_20260409T100023Z/pso/optimize_20260409T100542Z/pso_optimize_20260409T100542Z_report.md?display_name=%F0%9F%93%84,data/numbers/20_dset_20260409T100023Z/train.json?display_name=20_dset_20260409T100023Z,20,pso,10007,0.7007282604463398,57.823562348028645,234,46.10944087803364,26.22922423632189,data/experiments/20_dset_20260409T100023Z/pso/optimize_20260409T100542Z/pso_optimize_20260409T100542Z.json?display_name=pso_optimize_20260409T100542Z.json,data/experiments/20_dset_20260409T100023Z/pso/optimize_20260409T100542Z/pso_validate_20260409T100543Z.json?display_name=pso_validate_20260409T100543Z.json
data/experiments/20_dset_20260409T100023Z/pso/optimize_20260409T100641Z/pso_optimize_20260409T100641Z_report.md?display_name=%F0%9F%93%84,data/numbers/20_dset_20260409T100023Z/train.json?display_name=20_dset_20260409T100023Z,20,pso,10007,0.7274194605415687,62.39464349299669,234,62.17240993399173,33.4498415217134,data/experiments/20_dset_20260409T100023Z/pso/optimize_20260409T100641Z/pso_optimize_20260409T100641Z.json?display_name=pso_optimize_20260409T100641Z.json,data/experiments/20_dset_20260409T100023Z/pso/optimize_20260409T100641Z/pso_validate_20260409T100644Z.json?display_name=pso_validate_20260409T100644Z.json
data/experiments/20_dset_20260409T100023Z/pso/optimize_20260409T100736Z/pso_optimize_20260409T100736Z_report.md?display_name=%F0%9F%93%84,data/numbers/20_dset_20260409T100023Z/train.json?display_name=20_dset_20260409T100023Z,20,pso,10007,0.6339978514879476,53.53832481399877,234,23.38190094497986,33.31180716678468,data/experiments/20_dset_20260409T100023Z/pso/optimize_20260409T100736Z/pso_optimize_20260409T100736Z.json?display_name=pso_optimize_20260409T100736Z.json,data/experiments/20_dset_20260409T100023Z/pso/optimize_20260409T100736Z/pso_validate_20260409T100739Z.json?display_name=pso_validate_20260409T100739Z.json
data/experiments/20_dset_20260409T100023Z/rs/optimize_20260409T100351Z/rs_optimize_20260409T100351Z_report.md?display_name=%F0%9F%93%84,data/numbers/20_dset_20260409T100023Z/train.json?display_name=20_dset_20260409T100023Z,20,rs,10007,0.7977958814590238,24.931447356007993,60,7.448043775977567,20.62882589279043,data/experiments/20_dset_20260409T100023Z/rs/optimize_20260409T100351Z/rs_optimize_20260409T100351Z.json?display_name=rs_optimize_20260409T100351Z.json,data/experiments/20_dset_20260409T100023Z/rs/optimize_20260409T100351Z/rs_validate_20260409T100354Z.json?display_name=rs_validate_20260409T100354Z.json
data/experiments/20_dset_20260409T100023Z/rs/optimize_20260409T100416Z/rs_optimize_20260409T100416Z_report.md?display_name=%F0%9F%93%84,data/numbers/20_dset_20260409T100023Z/train.json?display_name=20_dset_20260409T100023Z,20,rs,10007,0.7874246875289828,24.15658832102781,60,13.139926968025975,24.05592155111818,data/experiments/20_dset_20260409T100023Z/rs/optimize_20260409T100416Z/rs_optimize_20260409T100416Z.json?display_name=rs_optimize_20260409T100416Z.json,data/experiments/20_dset_20260409T100023Z/rs/optimize_20260409T100416Z/rs_validate_20260409T100420Z.json?display_name=rs_validate_20260409T100420Z.json
data/experiments/20_dset_20260409T100023Z/rs/optimize_20260409T100442Z/rs_optimize_20260409T100442Z_report.md?display_name=%F0%9F%93%84,data/numbers/20_dset_20260409T100023Z/train.json?display_name=20_dset_20260409T100023Z,20,rs,10007,0.7607032053056173,24.152288801968098,60,13.105827132007107,33.034572322494284,data/experiments/20_dset_20260409T100023Z/rs/optimize_20260409T100442Z/rs_optimize_20260409T100442Z.json?display_name=rs_optimize_20260409T100442Z.json,data/experiments/20_dset_20260409T100023Z/rs/optimize_20260409T100442Z/rs_validate_20260409T100446Z.json?display_name=rs_validate_20260409T100446Z.json
data/experiments/20_dset_20260409T101157Z/bo/optimize_20260409T101900Z/bo_optimize_20260409T101900Z_report.md?display_name=%F0%9F%93%84,data/numbers/20_dset_20260409T101157Z/train.json?display_name=20_dset_20260409T101157Z,20,bo,20011,0.6495790912304074,11.731464514974505,38,9.5709905269905,35.87992673827446,data/experiments/20_dset_20260409T101157Z/bo/optimize_20260409T101900Z/bo_optimize_20260409T101900Z.json?display_name=bo_optimize_20260409T101900Z.json,data/experiments/20_dset_20260409T101157Z/bo/optimize_20260409T101900Z/bo_validate_20260409T101903Z.json?display_name=bo_validate_20260409T101903Z.json
data/experiments/20_dset_20260409T101157Z/bo/optimize_20260409T101913Z/bo_optimize_20260409T101913Z_report.md?display_name=%F0%9F%93%84,data/numbers/20_dset_20260409T101157Z/train.json?display_name=20_dset_20260409T101157Z,20,bo,20011,0.6739584024762735,12.157082683988847,38,11.433894738962408,31.139400782063248,data/experiments/20_dset_20260409T101157Z/bo/optimize_20260409T101913Z/bo_optimize_20260409T101913Z.json?display_name=bo_optimize_20260409T101913Z.json,data/experiments/20_dset_20260409T101157Z/bo/optimize_20260409T101913Z/bo_validate_20260409T101917Z.json?display_name=bo_validate_20260409T101917Z.json
data/experiments/20_dset_20260409T101157Z/bo/optimize_20260409T101929Z/bo_optimize_20260409T101929Z_report.md?display_name=%F0%9F%93%84,data/numbers/20_dset_20260409T101157Z/train.json?display_name=20_dset_20260409T101157Z,20,bo,20011,0.6387650787364691,11.767234878032468,38,11.767030171002261,23.158365587539333,data/experiments/20_dset_20260409T101157Z/bo/optimize_20260409T101929Z/bo_optimize_20260409T101929Z.json?display_name=bo_optimize_20260409T101929Z.json,data/experiments/20_dset_20260409T101157Z/bo/optimize_20260409T101929Z/bo_validate_20260409T101932Z.json?display_name=bo_validate_20260409T101932Z.json
data/experiments/20_dset_20260409T101157Z/de/optimize_20260409T101246Z/de_optimize_20260409T101246Z_report.md?display_name=%F0%9F%93%84,data/numbers/20_dset_20260409T101157Z/train.json?display_name=20_dset_20260409T101157Z,20,de,20011,0.6407664045982528,54.005158441956155,220,51.95746223599417,35.32327993367329,data/experiments/20_dset_20260409T101157Z/de/optimize_20260409T101246Z/de_optimize_20260409T101246Z.json?display_name=de_optimize_20260409T101246Z.json,data/experiments/20_dset_20260409T101157Z/de/optimize_20260409T101246Z/de_validate_20260409T101249Z.json?display_name=de_validate_20260409T101249Z.json
data/experiments/20_dset_20260409T101157Z/de/optimize_20260409T101348Z/de_optimize_20260409T101348Z_report.md?display_name=%F0%9F%93%84,data/numbers/20_dset_20260409T101157Z/train.json?display_name=20_dset_20260409T101157Z,20,de,20011,0.6156255431968021,62.58083393401466,220,50.84109799901489,36.10235036610004,data/experiments/20_dset_20260409T101157Z/de/optimize_20260409T101348Z/de_optimize_20260409T101348Z.json?display_name=de_optimize_20260409T101348Z.json,data/experiments/20_dset_20260409T101157Z/de/optimize_20260409T101348Z/de_validate_20260409T101351Z.json?display_name=de_validate_20260409T101351Z.json
data/experiments/20_dset_20260409T101157Z/de/optimize_20260409T101446Z/de_optimize_20260409T101446Z_report.md?display_name=%F0%9F%93%84,data/numbers/20_dset_20260409T101157Z/train.json?display_name=20_dset_20260409T101157Z,20,de,20011,0.6393596139678266,59.46478765201755,220,54.89326903101755,29.208934305895813,data/experiments/20_dset_20260409T101157Z/de/optimize_20260409T101446Z/de_optimize_20260409T101446Z.json?display_name=de_optimize_20260409T101446Z.json,data/experiments/20_dset_20260409T101157Z/de/optimize_20260409T101446Z/de_validate_20260409T101449Z.json?display_name=de_validate_20260409T101449Z.json
data/experiments/20_dset_20260409T101157Z/ga/optimize_20260409T102035Z/ga_optimize_20260409T102035Z_report.md?display_name=%F0%9F%93%84,data/numbers/20_dset_20260409T101157Z/train.json?display_name=20_dset_20260409T101157Z,20,ga,20011,0.6297485245449934,70.06485043698922,316,55.60230301896809,33.170544258008164,data/experiments/20_dset_20260409T101157Z/ga/optimize_20260409T102035Z/ga_optimize_20260409T102035Z.json?display_name=ga_optimize_20260409T102035Z.json,data/experiments/20_dset_20260409T101157Z/ga/optimize_20260409T102035Z/ga_validate_20260409T102039Z.json?display_name=ga_validate_20260409T102039Z.json
data/experiments/20_dset_20260409T101157Z/ga/optimize_20260409T102144Z/ga_optimize_20260409T102144Z_report.md?display_name=%F0%9F%93%84,data/numbers/20_dset_20260409T101157Z/train.json?display_name=20_dset_20260409T101157Z,20,ga,20011,0.6294896161125507,69.22105580900097,316,57.52627561998088,34.8954409418594,data/experiments/20_dset_20260409T101157Z/ga/optimize_20260409T102144Z/ga_optimize_20260409T102144Z.json?display_name=ga_optimize_20260409T102144Z.json,data/experiments/20_dset_20260409T101157Z/ga/optimize_20260409T102144Z/ga_validate_20260409T102147Z.json?display_name=ga_validate_20260409T102147Z.json
data/experiments/20_dset_20260409T101157Z/ga/optimize_20260409T102252Z/ga_optimize_20260409T102252Z_report.md?display_name=%F0%9F%93%84,data/numbers/20_dset_20260409T101157Z/train.json?display_name=20_dset_20260409T101157Z,20,ga,20011,0.6199007547780638,69.39884590503061,316,32.30549765302567,36.3654601285267,data/experiments/20_dset_20260409T101157Z/ga/optimize_20260409T102252Z/ga_optimize_20260409T102252Z.json?display_name=ga_optimize_20260409T102252Z.json,data/experiments/20_dset_20260409T101157Z/ga/optimize_20260409T102252Z/ga_validate_20260409T102255Z.json?display_name=ga_validate_20260409T102255Z.json
data/experiments/20_dset_20260409T101157Z/pso/optimize_20260409T101707Z/pso_optimize_20260409T101707Z_report.md?display_name=%F0%9F%93%84,data/numbers/20_dset_20260409T101157Z/train.json?display_name=20_dset_20260409T101157Z,20,pso,20011,0.6289120060973801,50.38409256696468,234,34.24927107495023,31.32250275505309,data/experiments/20_dset_20260409T101157Z/pso/optimize_20260409T101707Z/pso_optimize_20260409T101707Z.json?display_name=pso_optimize_20260409T101707Z.json,data/experiments/20_dset_20260409T101157Z/pso/optimize_20260409T101707Z/pso_validate_20260409T101707Z.json?display_name=pso_validate_20260409T101707Z.json
data/experiments/20_dset_20260409T101157Z/pso/optimize_20260409T101756Z/pso_optimize_20260409T101756Z_report.md?display_name=%F0%9F%93%84,data/numbers/20_dset_20260409T101157Z/train.json?display_name=20_dset_20260409T101157Z,20,pso,20011,0.6282480965892319,49.96879740100121,234,20.501857472991105,35.02483400320357,data/experiments/20_dset_20260409T101157Z/pso/optimize_20260409T101756Z/pso_optimize_20260409T101756Z.json?display_name=pso_optimize_20260409T101756Z.json,data/experiments/20_dset_20260409T101157Z/pso/optimize_20260409T101756Z/pso_validate_20260409T101759Z.json?display_name=pso_validate_20260409T101759Z.json
data/experiments/20_dset_20260409T101157Z/pso/optimize_20260409T101844Z/pso_optimize_20260409T101844Z_report.md?display_name=%F0%9F%93%84,data/numbers/20_dset_20260409T101157Z/train.json?display_name=20_dset_20260409T101157Z,20,pso,20011,0.6276172669022344,49.73092076397734,234,29.189038073003758,37.943623901988296,data/experiments/20_dset_20260409T101157Z/pso/optimize_20260409T101844Z/pso_optimize_20260409T101844Z.json?display_name=pso_optimize_20260409T101844Z.json,data/experiments/20_dset_20260409T101157Z/pso/optimize_20260409T101844Z/pso_validate_20260409T101847Z.json?display_name=pso_validate_20260409T101847Z.json
data/experiments/20_dset_20260409T101157Z/rs/optimize_20260409T101510Z/rs_optimize_20260409T101510Z_report.md?display_name=%F0%9F%93%84,data/numbers/20_dset_20260409T101157Z/train.json?display_name=20_dset_20260409T101157Z,20,rs,20011,0.7917195461050142,22.88909773802152,60,5.555710117041599,13.569082806455862,data/experiments/20_dset_20260409T101157Z/rs/optimize_20260409T101510Z/rs_optimize_20260409T101510Z.json?display_name=rs_optimize_20260409T101510Z.json,data/experiments/20_dset_20260409T101157Z/rs/optimize_20260409T101510Z/rs_validate_20260409T101514Z.json?display_name=rs_validate_20260409T101514Z.json
data/experiments/20_dset_20260409T101157Z/rs/optimize_20260409T101537Z/rs_optimize_20260409T101537Z_report.md?display_name=%F0%9F%93%84,data/numbers/20_dset_20260409T101157Z/train.json?display_name=20_dset_20260409T101157Z,20,rs,20011,0.7933866459643468,22.788762747019064,60,2.3450760829728097,18.86487208602378,data/experiments/20_dset_20260409T101157Z/rs/optimize_20260409T101537Z/rs_optimize_20260409T101537Z.json?display_name=rs_optimize_20260409T101537Z.json,data/experiments/20_dset_20260409T101157Z/rs/optimize_20260409T101537Z/rs_validate_20260409T101538Z.json?display_name=rs_validate_20260409T101538Z.json
data/experiments/20_dset_20260409T101157Z/rs/optimize_20260409T101614Z/rs_optimize_20260409T101614Z_report.md?display_name=%F0%9F%93%84,data/numbers/20_dset_20260409T101157Z/train.json?display_name=20_dset_20260409T101157Z,20,rs,20011,0.9779800146061461,38.377927516005,60,1.7765949430176988,23.123706392166092,data/experiments/20_dset_20260409T101157Z/rs/optimize_20260409T101614Z/rs_optimize_20260409T101614Z.json?display_name=rs_optimize_20260409T101614Z.json,data/experiments/20_dset_20260409T101157Z/rs/optimize_20260409T101614Z/rs_validate_20260409T101618Z.json?display_name=rs_validate_20260409T101618Z.json
data/experiments/20_dset_20260409T102256Z/bo/optimize_20260409T103115Z/bo_optimize_20260409T103115Z_report.md?display_name=%F0%9F%93%84,data/numbers/20_dset_20260409T102256Z/train.json?display_name=20_dset_20260409T102256Z,20,bo,30013,0.6778200649423525,11.283276246977039,38,11.283066753007006,32.1979055568136,data/experiments/20_dset_20260409T102256Z/bo/optimize_20260409T103115Z/bo_optimize_20260409T103115Z.json?display_name=bo_optimize_20260409T103115Z.json,data/experiments/20_dset_20260409T102256Z/bo/optimize_20260409T103115Z/bo_validate_20260409T103119Z.json?display_name=bo_validate_20260409T103119Z.json
data/experiments/20_dset_20260409T102256Z/bo/optimize_20260409T103128Z/bo_optimize_20260409T103128Z_report.md?display_name=%F0%9F%93%84,data/numbers/20_dset_20260409T102256Z/train.json?display_name=20_dset_20260409T102256Z,20,bo,30013,0.6867381577612832,11.050793747999705,38,9.088678650034126,35.34004208648091,data/experiments/20_dset_20260409T102256Z/bo/optimize_20260409T103128Z/bo_optimize_20260409T103128Z.json?display_name=bo_optimize_20260409T103128Z.json,data/experiments/20_dset_20260409T102256Z/bo/optimize_20260409T103128Z/bo_validate_20260409T103131Z.json?display_name=bo_validate_20260409T103131Z.json
data/experiments/20_dset_20260409T102256Z/bo/optimize_20260409T103143Z/bo_optimize_20260409T103143Z_report.md?display_name=%F0%9F%93%84,data/numbers/20_dset_20260409T102256Z/train.json?display_name=20_dset_20260409T102256Z,20,bo,30013,0.638837195263477,11.27551411400782,38,10.326367518980987,25.095452538783093,data/experiments/20_dset_20260409T102256Z/bo/optimize_20260409T103143Z/bo_optimize_20260409T103143Z.json?display_name=bo_optimize_20260409T103143Z.json,data/experiments/20_dset_20260409T102256Z/bo/optimize_20260409T103143Z/bo_validate_20260409T103147Z.json?display_name=bo_validate_20260409T103147Z.json
data/experiments/20_dset_20260409T102256Z/de/optimize_20260409T102346Z/de_optimize_20260409T102346Z_report.md?display_name=%F0%9F%93%84,data/numbers/20_dset_20260409T102256Z/train.json?display_name=20_dset_20260409T102256Z,20,de,30013,0.6385921763139777,54.29922994598746,220,48.51820204698015,42.99822700333918,data/experiments/20_dset_20260409T102256Z/de/optimize_20260409T102346Z/de_optimize_20260409T102346Z.json?display_name=de_optimize_20260409T102346Z.json,data/experiments/20_dset_20260409T102256Z/de/optimize_20260409T102346Z/de_validate_20260409T102349Z.json?display_name=de_validate_20260409T102349Z.json
data/experiments/20_dset_20260409T102256Z/de/optimize_20260409T102442Z/de_optimize_20260409T102442Z_report.md?display_name=%F0%9F%93%84,data/numbers/20_dset_20260409T102256Z/train.json?display_name=20_dset_20260409T102256Z,20,de,30013,0.6283697384933475,57.4899967770325,220,50.451425401028246,37.27416013956203,data/experiments/20_dset_20260409T102256Z/de/optimize_20260409T102442Z/de_optimize_20260409T102442Z.json?display_name=de_optimize_20260409T102442Z.json,data/experiments/20_dset_20260409T102256Z/de/optimize_20260409T102442Z/de_validate_20260409T102445Z.json?display_name=de_validate_20260409T102445Z.json
data/experiments/20_dset_20260409T102256Z/de/optimize_20260409T102544Z/de_optimize_20260409T102544Z_report.md?display_name=%F0%9F%93%84,data/numbers/20_dset_20260409T102256Z/train.json?display_name=20_dset_20260409T102256Z,20,de,30013,0.6678674146241974,62.04246106900973,220,23.51221717899898,33.07668775735717,data/experiments/20_dset_20260409T102256Z/de/optimize_20260409T102544Z/de_optimize_20260409T102544Z.json?display_name=de_optimize_20260409T102544Z.json,data/experiments/20_dset_20260409T102256Z/de/optimize_20260409T102544Z/de_validate_20260409T102547Z.json?display_name=de_validate_20260409T102547Z.json
data/experiments/20_dset_20260409T102256Z/ga/optimize_20260409T103253Z/ga_optimize_20260409T103253Z_report.md?display_name=%F0%9F%93%84,data/numbers/20_dset_20260409T102256Z/train.json?display_name=20_dset_20260409T102256Z,20,ga,30013,0.6338452550699003,72.83253727800911,316,68.33355823601596,29.25788779794956,data/experiments/20_dset_20260409T102256Z/ga/optimize_20260409T103253Z/ga_optimize_20260409T103253Z.json?display_name=ga_optimize_20260409T103253Z.json,data/experiments/20_dset_20260409T102256Z/ga/optimize_20260409T103253Z/ga_validate_20260409T103256Z.json?display_name=ga_validate_20260409T103256Z.json
data/experiments/20_dset_20260409T102256Z/ga/optimize_20260409T103402Z/ga_optimize_20260409T103402Z_report.md?display_name=%F0%9F%93%84,data/numbers/20_dset_20260409T102256Z/train.json?display_name=20_dset_20260409T102256Z,20,ga,30013,0.6337851487041917,70.22456851502648,316,68.5884305400541,31.55738144863196,data/experiments/20_dset_20260409T102256Z/ga/optimize_20260409T103402Z/ga_optimize_20260409T103402Z.json?display_name=ga_optimize_20260409T103402Z.json,data/experiments/20_dset_20260409T102256Z/ga/optimize_20260409T103402Z/ga_validate_20260409T103405Z.json?display_name=ga_validate_20260409T103405Z.json
data/experiments/20_dset_20260409T102256Z/ga/optimize_20260409T103511Z/ga_optimize_20260409T103511Z_report.md?display_name=%F0%9F%93%84,data/numbers/20_dset_20260409T102256Z/train.json?display_name=20_dset_20260409T102256Z,20,ga,30013,0.6284082999569364,70.01438264199533,316,59.09553816099651,27.18611293810057,data/experiments/20_dset_20260409T102256Z/ga/optimize_20260409T103511Z/ga_optimize_20260409T103511Z.json?display_name=ga_optimize_20260409T103511Z.json,data/experiments/20_dset_20260409T102256Z/ga/optimize_20260409T103511Z/ga_validate_20260409T103514Z.json?display_name=ga_validate_20260409T103514Z.json
data/experiments/20_dset_20260409T102256Z/pso/optimize_20260409T102752Z/pso_optimize_20260409T102752Z_report.md?display_name=%F0%9F%93%84,data/numbers/20_dset_20260409T102256Z/train.json?display_name=20_dset_20260409T102256Z,20,pso,30013,0.6237591133976821,51.49920085602207,234,23.026786221016664,31.077794962002848,data/experiments/20_dset_20260409T102256Z/pso/optimize_20260409T102752Z/pso_optimize_20260409T102752Z.json?display_name=pso_optimize_20260409T102752Z.json,data/experiments/20_dset_20260409T102256Z/pso/optimize_20260409T102752Z/pso_validate_20260409T102755Z.json?display_name=pso_validate_20260409T102755Z.json
data/experiments/20_dset_20260409T102256Z/pso/optimize_20260409T103009Z/pso_optimize_20260409T103009Z_report.md?display_name=%F0%9F%93%84,data/numbers/20_dset_20260409T102256Z/train.json?display_name=20_dset_20260409T102256Z,20,pso,30013,0.5644450393156148,52.722041922970675,234,43.77194300998235,39.084777877994924,data/experiments/20_dset_20260409T102256Z/pso/optimize_20260409T103009Z/pso_optimize_20260409T103009Z.json?display_name=pso_optimize_20260409T103009Z.json,data/experiments/20_dset_20260409T102256Z/pso/optimize_20260409T103009Z/pso_validate_20260409T103012Z.json?display_name=pso_validate_20260409T103012Z.json
data/experiments/20_dset_20260409T102256Z/pso/optimize_20260409T103100Z/pso_optimize_20260409T103100Z_report.md?display_name=%F0%9F%93%84,data/numbers/20_dset_20260409T102256Z/train.json?display_name=20_dset_20260409T102256Z,20,pso,30013,0.5919162365025841,50.65992201899644,234,43.52179086499382,38.75319442179918,data/experiments/20_dset_20260409T102256Z/pso/optimize_20260409T103100Z/pso_optimize_20260409T103100Z.json?display_name=pso_optimize_20260409T103100Z.json,data/experiments/20_dset_20260409T102256Z/pso/optimize_20260409T103100Z/pso_validate_20260409T103103Z.json?display_name=pso_validate_20260409T103103Z.json
data/experiments/20_dset_20260409T102256Z/rs/optimize_20260409T102610Z/rs_optimize_20260409T102610Z_report.md?display_name=%F0%9F%93%84,data/numbers/20_dset_20260409T102256Z/train.json?display_name=20_dset_20260409T102256Z,20,rs,30013,0.7603937604581006,24.340950671990868,60,17.93410541699268,24.281145083942583,data/experiments/20_dset_20260409T102256Z/rs/optimize_20260409T102610Z/rs_optimize_20260409T102610Z.json?display_name=rs_optimize_20260409T102610Z.json,data/experiments/20_dset_20260409T102256Z/rs/optimize_20260409T102610Z/rs_validate_20260409T102613Z.json?display_name=rs_validate_20260409T102613Z.json
data/experiments/20_dset_20260409T102256Z/rs/optimize_20260409T102634Z/rs_optimize_20260409T102634Z_report.md?display_name=%F0%9F%93%84,data/numbers/20_dset_20260409T102256Z/train.json?display_name=20_dset_20260409T102256Z,20,rs,30013,0.6891930189740378,22.605605706979986,60,16.707614266022574,26.101982135962665,data/experiments/20_dset_20260409T102256Z/rs/optimize_20260409T102634Z/rs_optimize_20260409T102634Z.json?display_name=rs_optimize_20260409T102634Z.json,data/experiments/20_dset_20260409T102256Z/rs/optimize_20260409T102634Z/rs_validate_20260409T102637Z.json?display_name=rs_validate_20260409T102637Z.json
data/experiments/20_dset_20260409T102256Z/rs/optimize_20260409T102700Z/rs_optimize_20260409T102700Z_report.md?display_name=%F0%9F%93%84,data/numbers/20_dset_20260409T102256Z/train.json?display_name=20_dset_20260409T102256Z,20,rs,30013,0.6858531100733671,22.367099391005468,60,8.578068966977298,29.55607437462332,data/experiments/20_dset_20260409T102256Z/rs/optimize_20260409T102700Z/rs_optimize_20260409T102700Z.json?display_name=rs_optimize_20260409T102700Z.json,data/experiments/20_dset_20260409T102256Z/rs/optimize_20260409T102700Z/rs_validate_20260409T102703Z.json?display_name=rs_validate_20260409T102703Z.json
data/experiments/25_dset_20260409T103515Z/bo/optimize_20260409T104555Z/bo_optimize_20260409T104555Z_report.md?display_name=%F0%9F%93%84,data/numbers/25_dset_20260409T103515Z/train.json?display_name=25_dset_20260409T103515Z,25,bo,10007,0.8549108211300336,18.65772076405119,38,14.728036506043281,52.67449274478633,data/experiments/25_dset_20260409T103515Z/bo/optimize_20260409T104555Z/bo_optimize_20260409T104555Z.json?display_name=bo_optimize_20260409T104555Z.json,data/experiments/25_dset_20260409T103515Z/bo/optimize_20260409T104555Z/bo_validate_20260409T104559Z.json?display_name=bo_validate_20260409T104559Z.json
data/experiments/25_dset_20260409T103515Z/bo/optimize_20260409T104615Z/bo_optimize_20260409T104615Z_report.md?display_name=%F0%9F%93%84,data/numbers/25_dset_20260409T103515Z/train.json?display_name=25_dset_20260409T103515Z,25,bo,10007,0.8387935695645865,15.401711804035585,38,13.304552626039367,58.06270891030524,data/experiments/25_dset_20260409T103515Z/bo/optimize_20260409T104615Z/bo_optimize_20260409T104615Z.json?display_name=bo_optimize_20260409T104615Z.json,data/experiments/25_dset_20260409T103515Z/bo/optimize_20260409T104615Z/bo_validate_20260409T104618Z.json?display_name=bo_validate_20260409T104618Z.json
data/experiments/25_dset_20260409T103515Z/bo/optimize_20260409T104632Z/bo_optimize_20260409T104632Z_report.md?display_name=%F0%9F%93%84,data/numbers/25_dset_20260409T103515Z/train.json?display_name=25_dset_20260409T103515Z,25,bo,10007,0.817077876708936,14.765027444984298,38,13.885407876980025,57.0454738297094,data/experiments/25_dset_20260409T103515Z/bo/optimize_20260409T104632Z/bo_optimize_20260409T104632Z.json?display_name=bo_optimize_20260409T104632Z.json,data/experiments/25_dset_20260409T103515Z/bo/optimize_20260409T104632Z/bo_validate_20260409T104635Z.json?display_name=bo_validate_20260409T104635Z.json
data/experiments/25_dset_20260409T103515Z/de/optimize_20260409T103619Z/de_optimize_20260409T103619Z_report.md?display_name=%F0%9F%93%84,data/numbers/25_dset_20260409T103515Z/train.json?display_name=25_dset_20260409T103515Z,25,de,10007,0.7387306482123677,69.76686706399778,220,60.042605548980646,60.55421043220098,data/experiments/25_dset_20260409T103515Z/de/optimize_20260409T103619Z/de_optimize_20260409T103619Z.json?display_name=de_optimize_20260409T103619Z.json,data/experiments/25_dset_20260409T103515Z/de/optimize_20260409T103619Z/de_validate_20260409T103623Z.json?display_name=de_validate_20260409T103623Z.json
data/experiments/25_dset_20260409T103515Z/de/optimize_20260409T103910Z/de_optimize_20260409T103910Z_report.md?display_name=%F0%9F%93%84,data/numbers/25_dset_20260409T103515Z/train.json?display_name=25_dset_20260409T103515Z,25,de,10007,0.711358899337938,81.26732996903593,220,70.72371723101242,57.03755204447104,data/experiments/25_dset_20260409T103515Z/de/optimize_20260409T103910Z/de_optimize_20260409T103910Z.json?display_name=de_optimize_20260409T103910Z.json,data/experiments/25_dset_20260409T103515Z/de/optimize_20260409T103910Z/de_validate_20260409T103914Z.json?display_name=de_validate_20260409T103914Z.json
data/experiments/25_dset_20260409T103515Z/de/optimize_20260409T104021Z/de_optimize_20260409T104021Z_report.md?display_name=%F0%9F%93%84,data/numbers/25_dset_20260409T103515Z/train.json?display_name=25_dset_20260409T103515Z,25,de,10007,0.7108380750287324,71.63438404595945,220,53.350758701970335,63.07933466703675,data/experiments/25_dset_20260409T103515Z/de/optimize_20260409T104021Z/de_optimize_20260409T104021Z.json?display_name=de_optimize_20260409T104021Z.json,data/experiments/25_dset_20260409T103515Z/de/optimize_20260409T104021Z/de_validate_20260409T104024Z.json?display_name=de_validate_20260409T104024Z.json
data/experiments/25_dset_20260409T103515Z/ga/optimize_20260409T104752Z/ga_optimize_20260409T104752Z_report.md?display_name=%F0%9F%93%84,data/numbers/25_dset_20260409T103515Z/train.json?display_name=25_dset_20260409T103515Z,25,ga,10007,0.7381848970253486,80.37716624501627,316,76.15563495102106,60.268460349621776,data/experiments/25_dset_20260409T103515Z/ga/optimize_20260409T104752Z/ga_optimize_20260409T104752Z.json?display_name=ga_optimize_20260409T104752Z.json,data/experiments/25_dset_20260409T103515Z/ga/optimize_20260409T104752Z/ga_validate_20260409T104753Z.json?display_name=ga_validate_20260409T104753Z.json
data/experiments/25_dset_20260409T103515Z/ga/optimize_20260409T104909Z/ga_optimize_20260409T104909Z_report.md?display_name=%F0%9F%93%84,data/numbers/25_dset_20260409T103515Z/train.json?display_name=25_dset_20260409T103515Z,25,ga,10007,0.7412391428370029,80.10618728603004,316,69.32545945700258,60.96229400136054,data/experiments/25_dset_20260409T103515Z/ga/optimize_20260409T104909Z/ga_optimize_20260409T104909Z.json?display_name=ga_optimize_20260409T104909Z.json,data/experiments/25_dset_20260409T103515Z/ga/optimize_20260409T104909Z/ga_validate_20260409T104912Z.json?display_name=ga_validate_20260409T104912Z.json
data/experiments/25_dset_20260409T103515Z/ga/optimize_20260409T105027Z/ga_optimize_20260409T105027Z_report.md?display_name=%F0%9F%93%84,data/numbers/25_dset_20260409T103515Z/train.json?display_name=25_dset_20260409T103515Z,25,ga,10007,0.7393588161212392,81.10601972800214,316,64.07994703698205,60.62357267535718,data/experiments/25_dset_20260409T103515Z/ga/optimize_20260409T105027Z/ga_optimize_20260409T105027Z.json?display_name=ga_optimize_20260409T105027Z.json,data/experiments/25_dset_20260409T103515Z/ga/optimize_20260409T105027Z/ga_validate_20260409T105031Z.json?display_name=ga_validate_20260409T105031Z.json
data/experiments/25_dset_20260409T103515Z/pso/optimize_20260409T104249Z/pso_optimize_20260409T104249Z_report.md?display_name=%F0%9F%93%84,data/numbers/25_dset_20260409T103515Z/train.json?display_name=25_dset_20260409T103515Z,25,pso,10007,0.7127291978395078,58.00286263599992,234,21.928043671010528,62.76716486046412,data/experiments/25_dset_20260409T103515Z/pso/optimize_20260409T104249Z/pso_optimize_20260409T104249Z.json?display_name=pso_optimize_20260409T104249Z.json,data/experiments/25_dset_20260409T103515Z/pso/optimize_20260409T104249Z/pso_validate_20260409T104253Z.json?display_name=pso_validate_20260409T104253Z.json
data/experiments/25_dset_20260409T103515Z/pso/optimize_20260409T104346Z/pso_optimize_20260409T104346Z_report.md?display_name=%F0%9F%93%84,data/numbers/25_dset_20260409T103515Z/train.json?display_name=25_dset_20260409T103515Z,25,pso,10007,0.7094054248882458,57.7963050409453,234,28.41604630299844,61.822439917864244,data/experiments/25_dset_20260409T103515Z/pso/optimize_20260409T104346Z/pso_optimize_20260409T104346Z.json?display_name=pso_optimize_20260409T104346Z.json,data/experiments/25_dset_20260409T103515Z/pso/optimize_20260409T104346Z/pso_validate_20260409T104350Z.json?display_name=pso_validate_20260409T104350Z.json
data/experiments/25_dset_20260409T103515Z/pso/optimize_20260409T104532Z/pso_optimize_20260409T104532Z_report.md?display_name=%F0%9F%93%84,data/numbers/25_dset_20260409T103515Z/train.json?display_name=25_dset_20260409T103515Z,25,pso,10007,0.7067420844105072,69.0142608830356,234,35.36520711600315,62.09388365140936,data/experiments/25_dset_20260409T103515Z/pso/optimize_20260409T104532Z/pso_optimize_20260409T104532Z.json?display_name=pso_optimize_20260409T104532Z.json,data/experiments/25_dset_20260409T103515Z/pso/optimize_20260409T104532Z/pso_validate_20260409T104536Z.json?display_name=pso_validate_20260409T104536Z.json
data/experiments/25_dset_20260409T103515Z/rs/optimize_20260409T104051Z/rs_optimize_20260409T104051Z_report.md?display_name=%F0%9F%93%84,data/numbers/25_dset_20260409T103515Z/train.json?display_name=25_dset_20260409T103515Z,25,rs,10007,0.8295050601300318,28.226312721031718,60,15.309985300991684,56.88893712454094,data/experiments/25_dset_20260409T103515Z/rs/optimize_20260409T104051Z/rs_optimize_20260409T104051Z.json?display_name=rs_optimize_20260409T104051Z.json,data/experiments/25_dset_20260409T103515Z/rs/optimize_20260409T104051Z/rs_validate_20260409T104055Z.json?display_name=rs_validate_20260409T104055Z.json
data/experiments/25_dset_20260409T103515Z/rs/optimize_20260409T104121Z/rs_optimize_20260409T104121Z_report.md?display_name=%F0%9F%93%84,data/numbers/25_dset_20260409T103515Z/train.json?display_name=25_dset_20260409T103515Z,25,rs,10007,0.8288956869218964,28.668957645015325,60,15.598520285042468,56.416950310365245,data/experiments/25_dset_20260409T103515Z/rs/optimize_20260409T104121Z/rs_optimize_20260409T104121Z.json?display_name=rs_optimize_20260409T104121Z.json,data/experiments/25_dset_20260409T103515Z/rs/optimize_20260409T104121Z/rs_validate_20260409T104125Z.json?display_name=rs_validate_20260409T104125Z.json
data/experiments/25_dset_20260409T103515Z/rs/optimize_20260409T104152Z/rs_optimize_20260409T104152Z_report.md?display_name=%F0%9F%93%84,data/numbers/25_dset_20260409T103515Z/train.json?display_name=25_dset_20260409T103515Z,25,rs,10007,0.849996720906347,28.303574984020088,60,15.385087887989357,59.412027589920335,data/experiments/25_dset_20260409T103515Z/rs/optimize_20260409T104152Z/rs_optimize_20260409T104152Z.json?display_name=rs_optimize_20260409T104152Z.json,data/experiments/25_dset_20260409T103515Z/rs/optimize_20260409T104152Z/rs_validate_20260409T104155Z.json?display_name=rs_validate_20260409T104155Z.json
data/experiments/25_dset_20260409T105031Z/bo/optimize_20260409T110324Z/bo_optimize_20260409T110324Z_report.md?display_name=%F0%9F%93%84,data/numbers/25_dset_20260409T105031Z/train.json?display_name=25_dset_20260409T105031Z,25,bo,20011,0.7376691557292361,14.249461922969203,38,14.24924606399145,60.9300446740953,data/experiments/25_dset_20260409T105031Z/bo/optimize_20260409T110324Z/bo_optimize_20260409T110324Z.json?display_name=bo_optimize_20260409T110324Z.json,data/experiments/25_dset_20260409T105031Z/bo/optimize_20260409T110324Z/bo_validate_20260409T110327Z.json?display_name=bo_validate_20260409T110327Z.json
data/experiments/25_dset_20260409T105031Z/bo/optimize_20260409T110342Z/bo_optimize_20260409T110342Z_report.md?display_name=%F0%9F%93%84,data/numbers/25_dset_20260409T105031Z/train.json?display_name=25_dset_20260409T105031Z,25,bo,20011,0.7953190962143708,14.524340490985196,38,10.642378151009325,55.52547873008199,data/experiments/25_dset_20260409T105031Z/bo/optimize_20260409T110342Z/bo_optimize_20260409T110342Z.json?display_name=bo_optimize_20260409T110342Z.json,data/experiments/25_dset_20260409T105031Z/bo/optimize_20260409T110342Z/bo_validate_20260409T110346Z.json?display_name=bo_validate_20260409T110346Z.json
data/experiments/25_dset_20260409T105031Z/bo/optimize_20260409T110359Z/bo_optimize_20260409T110359Z_report.md?display_name=%F0%9F%93%84,data/numbers/25_dset_20260409T105031Z/train.json?display_name=25_dset_20260409T105031Z,25,bo,20011,0.760391845862614,14.336291906016413,38,14.336066843010485,59.50108262001671,data/experiments/25_dset_20260409T105031Z/bo/optimize_20260409T110359Z/bo_optimize_20260409T110359Z.json?display_name=bo_optimize_20260409T110359Z.json,data/experiments/25_dset_20260409T105031Z/bo/optimize_20260409T110359Z/bo_validate_20260409T110403Z.json?display_name=bo_validate_20260409T110403Z.json
data/experiments/25_dset_20260409T105031Z/de/optimize_20260409T105447Z/de_optimize_20260409T105447Z_report.md?display_name=%F0%9F%93%84,data/numbers/25_dset_20260409T105031Z/train.json?display_name=25_dset_20260409T105031Z,25,de,20011,0.676202359405579,94.0002753509907,220,93.76472899399232,57.50983573702626,data/experiments/25_dset_20260409T105031Z/de/optimize_20260409T105447Z/de_optimize_20260409T105447Z.json?display_name=de_optimize_20260409T105447Z.json,data/experiments/25_dset_20260409T105031Z/de/optimize_20260409T105447Z/de_validate_20260409T105450Z.json?display_name=de_validate_20260409T105450Z.json
data/experiments/25_dset_20260409T105031Z/de/optimize_20260409T105554Z/de_optimize_20260409T105554Z_report.md?display_name=%F0%9F%93%84,data/numbers/25_dset_20260409T105031Z/train.json?display_name=25_dset_20260409T105031Z,25,de,20011,0.7201658698031679,67.61821446102113,220,20.931100904010236,60.375630895336904,data/experiments/25_dset_20260409T105031Z/de/optimize_20260409T105554Z/de_optimize_20260409T105554Z.json?display_name=de_optimize_20260409T105554Z.json,data/experiments/25_dset_20260409T105031Z/de/optimize_20260409T105554Z/de_validate_20260409T105558Z.json?display_name=de_validate_20260409T105558Z.json
data/experiments/25_dset_20260409T105031Z/de/optimize_20260409T105702Z/de_optimize_20260409T105702Z_report.md?display_name=%F0%9F%93%84,data/numbers/25_dset_20260409T105031Z/train.json?display_name=25_dset_20260409T105031Z,25,de,20011,0.7016646949632559,68.7338314409717,220,49.10395380796399,63.33733358665046,data/experiments/25_dset_20260409T105031Z/de/optimize_20260409T105702Z/de_optimize_20260409T105702Z.json?display_name=de_optimize_20260409T105702Z.json,data/experiments/25_dset_20260409T105031Z/de/optimize_20260409T105702Z/de_validate_20260409T105704Z.json?display_name=de_validate_20260409T105704Z.json
data/experiments/25_dset_20260409T105031Z/ga/optimize_20260409T110518Z/ga_optimize_20260409T110518Z_report.md?display_name=%F0%9F%93%84,data/numbers/25_dset_20260409T105031Z/train.json?display_name=25_dset_20260409T105031Z,25,ga,20011,0.7253431095450651,79.45106209098594,316,74.08575528103393,62.7687883947783,data/experiments/25_dset_20260409T105031Z/ga/optimize_20260409T110518Z/ga_optimize_20260409T110518Z.json?display_name=ga_optimize_20260409T110518Z.json,data/experiments/25_dset_20260409T105031Z/ga/optimize_20260409T110518Z/ga_validate_20260409T110522Z.json?display_name=ga_validate_20260409T110522Z.json
data/experiments/25_dset_20260409T105031Z/ga/optimize_20260409T110635Z/ga_optimize_20260409T110635Z_report.md?display_name=%F0%9F%93%84,data/numbers/25_dset_20260409T105031Z/train.json?display_name=25_dset_20260409T105031Z,25,ga,20011,0.7231470757105853,79.67471462796675,316,66.69382089900319,63.62346685371539,data/experiments/25_dset_20260409T105031Z/ga/optimize_20260409T110635Z/ga_optimize_20260409T110635Z.json?display_name=ga_optimize_20260409T110635Z.json,data/experiments/25_dset_20260409T105031Z/ga/optimize_20260409T110635Z/ga_validate_20260409T110638Z.json?display_name=ga_validate_20260409T110638Z.json
data/experiments/25_dset_20260409T105031Z/ga/optimize_20260409T110753Z/ga_optimize_20260409T110753Z_report.md?display_name=%F0%9F%93%84,data/numbers/25_dset_20260409T105031Z/train.json?display_name=25_dset_20260409T105031Z,25,ga,20011,0.7230282330710907,79.08995181199862,316,66.65179087896831,63.68023665882937,data/experiments/25_dset_20260409T105031Z/ga/optimize_20260409T110753Z/ga_optimize_20260409T110753Z.json?display_name=ga_optimize_20260409T110753Z.json,data/experiments/25_dset_20260409T105031Z/ga/optimize_20260409T110753Z/ga_validate_20260409T110754Z.json?display_name=ga_validate_20260409T110754Z.json
data/experiments/25_dset_20260409T105031Z/pso/optimize_20260409T110114Z/pso_optimize_20260409T110114Z_report.md?display_name=%F0%9F%93%84,data/numbers/25_dset_20260409T105031Z/train.json?display_name=25_dset_20260409T105031Z,25,pso,20011,0.670229462091811,70.99767242901726,234,13.527073574019596,58.270144194892595,data/experiments/25_dset_20260409T105031Z/pso/optimize_20260409T110114Z/pso_optimize_20260409T110114Z.json?display_name=pso_optimize_20260409T110114Z.json,data/experiments/25_dset_20260409T105031Z/pso/optimize_20260409T110114Z/pso_validate_20260409T110118Z.json?display_name=pso_validate_20260409T110118Z.json
data/experiments/25_dset_20260409T105031Z/pso/optimize_20260409T110213Z/pso_optimize_20260409T110213Z_report.md?display_name=%F0%9F%93%84,data/numbers/25_dset_20260409T105031Z/train.json?display_name=25_dset_20260409T105031Z,25,pso,20011,0.6786388988257386,53.399219042039476,234,12.483047617017291,59.876429022979785,data/experiments/25_dset_20260409T105031Z/pso/optimize_20260409T110213Z/pso_optimize_20260409T110213Z.json?display_name=pso_optimize_20260409T110213Z.json,data/experiments/25_dset_20260409T105031Z/pso/optimize_20260409T110213Z/pso_validate_20260409T110216Z.json?display_name=pso_validate_20260409T110216Z.json
data/experiments/25_dset_20260409T105031Z/pso/optimize_20260409T110308Z/pso_optimize_20260409T110308Z_report.md?display_name=%F0%9F%93%84,data/numbers/25_dset_20260409T105031Z/train.json?display_name=25_dset_20260409T105031Z,25,pso,20011,0.6712039879930671,54.22079702501651,234,18.519757561036386,60.91439436622992,data/experiments/25_dset_20260409T105031Z/pso/optimize_20260409T110308Z/pso_optimize_20260409T110308Z.json?display_name=pso_optimize_20260409T110308Z.json,data/experiments/25_dset_20260409T105031Z/pso/optimize_20260409T110308Z/pso_validate_20260409T110311Z.json?display_name=pso_validate_20260409T110311Z.json
data/experiments/25_dset_20260409T105031Z/rs/optimize_20260409T105732Z/rs_optimize_20260409T105732Z_report.md?display_name=%F0%9F%93%84,data/numbers/25_dset_20260409T105031Z/train.json?display_name=25_dset_20260409T105031Z,25,rs,20011,0.9668498655955773,29.945851304975804,60,3.0984844749909826,46.131708357377136,data/experiments/25_dset_20260409T105031Z/rs/optimize_20260409T105732Z/rs_optimize_20260409T105732Z.json?display_name=rs_optimize_20260409T105732Z.json,data/experiments/25_dset_20260409T105031Z/rs/optimize_20260409T105732Z/rs_validate_20260409T105736Z.json?display_name=rs_validate_20260409T105736Z.json
data/experiments/25_dset_20260409T105031Z/rs/optimize_20260409T105805Z/rs_optimize_20260409T105805Z_report.md?display_name=%F0%9F%93%84,data/numbers/25_dset_20260409T105031Z/train.json?display_name=25_dset_20260409T105031Z,25,rs,20011,0.9701896763872355,30.033559455012437,60,3.1083498600055464,52.0113384616059,data/experiments/25_dset_20260409T105031Z/rs/optimize_20260409T105805Z/rs_optimize_20260409T105805Z.json?display_name=rs_optimize_20260409T105805Z.json,data/experiments/25_dset_20260409T105031Z/rs/optimize_20260409T105805Z/rs_validate_20260409T105808Z.json?display_name=rs_validate_20260409T105808Z.json
data/experiments/25_dset_20260409T105031Z/rs/optimize_20260409T105836Z/rs_optimize_20260409T105836Z_report.md?display_name=%F0%9F%93%84,data/numbers/25_dset_20260409T105031Z/train.json?display_name=25_dset_20260409T105031Z,25,rs,20011,0.9542587730393279,30.011150146019645,60,5.997165501001291,51.87599816248224,data/experiments/25_dset_20260409T105031Z/rs/optimize_20260409T105836Z/rs_optimize_20260409T105836Z.json?display_name=rs_optimize_20260409T105836Z.json,data/experiments/25_dset_20260409T105031Z/rs/optimize_20260409T105836Z/rs_validate_20260409T105840Z.json?display_name=rs_validate_20260409T105840Z.json
data/experiments/25_dset_20260409T110755Z/bo/optimize_20260409T112131Z/bo_optimize_20260409T112131Z_report.md?display_name=%F0%9F%93%84,data/numbers/25_dset_20260409T110755Z/train.json?display_name=25_dset_20260409T110755Z,25,bo,30013,0.7521382744598668,13.126031068037264,38,10.556286757986527,61.92343374523167,data/experiments/25_dset_20260409T110755Z/bo/optimize_20260409T112131Z/bo_optimize_20260409T112131Z.json?display_name=bo_optimize_20260409T112131Z.json,data/experiments/25_dset_20260409T110755Z/bo/optimize_20260409T112131Z/bo_validate_20260409T112134Z.json?display_name=bo_validate_20260409T112134Z.json
data/experiments/25_dset_20260409T110755Z/bo/optimize_20260409T112146Z/bo_optimize_20260409T112146Z_report.md?display_name=%F0%9F%93%84,data/numbers/25_dset_20260409T110755Z/train.json?display_name=25_dset_20260409T110755Z,25,bo,30013,0.7523034479818307,13.324088905006647,38,13.323867754021194,63.781695040294096,data/experiments/25_dset_20260409T110755Z/bo/optimize_20260409T112146Z/bo_optimize_20260409T112146Z.json?display_name=bo_optimize_20260409T112146Z.json,data/experiments/25_dset_20260409T110755Z/bo/optimize_20260409T112146Z/bo_validate_20260409T112150Z.json?display_name=bo_validate_20260409T112150Z.json
data/experiments/25_dset_20260409T110755Z/bo/optimize_20260409T112204Z/bo_optimize_20260409T112204Z_report.md?display_name=%F0%9F%93%84,data/numbers/25_dset_20260409T110755Z/train.json?display_name=25_dset_20260409T110755Z,25,bo,30013,0.7360378101002425,13.077599851996638,38,10.483095474017318,64.03571794307035,data/experiments/25_dset_20260409T110755Z/bo/optimize_20260409T112204Z/bo_optimize_20260409T112204Z.json?display_name=bo_optimize_20260409T112204Z.json,data/experiments/25_dset_20260409T110755Z/bo/optimize_20260409T112204Z/bo_validate_20260409T112207Z.json?display_name=bo_validate_20260409T112207Z.json
data/experiments/25_dset_20260409T110755Z/de/optimize_20260409T110917Z/de_optimize_20260409T110917Z_report.md?display_name=%F0%9F%93%84,data/numbers/25_dset_20260409T110755Z/train.json?display_name=25_dset_20260409T110755Z,25,de,30013,0.7540577975451015,86.84537460299907,220,85.00861478003208,63.090174331016456,data/experiments/25_dset_20260409T110755Z/de/optimize_20260409T110917Z/de_optimize_20260409T110917Z.json?display_name=de_optimize_20260409T110917Z.json,data/experiments/25_dset_20260409T110755Z/de/optimize_20260409T110917Z/de_validate_20260409T110921Z.json?display_name=de_validate_20260409T110921Z.json
data/experiments/25_dset_20260409T110755Z/de/optimize_20260409T111022Z/de_optimize_20260409T111022Z_report.md?display_name=%F0%9F%93%84,data/numbers/25_dset_20260409T110755Z/train.json?display_name=25_dset_20260409T110755Z,25,de,30013,0.740253790805582,67.3171729100286,220,64.6018870670232,61.94867296410771,data/experiments/25_dset_20260409T110755Z/de/optimize_20260409T111022Z/de_optimize_20260409T111022Z.json?display_name=de_optimize_20260409T111022Z.json,data/experiments/25_dset_20260409T110755Z/de/optimize_20260409T111022Z/de_validate_20260409T111025Z.json?display_name=de_validate_20260409T111025Z.json
data/experiments/25_dset_20260409T110755Z/de/optimize_20260409T111137Z/de_optimize_20260409T111137Z_report.md?display_name=%F0%9F%93%84,data/numbers/25_dset_20260409T110755Z/train.json?display_name=25_dset_20260409T110755Z,25,de,30013,0.765647879394237,73.22142221604008,220,34.53680757002439,61.380039121626474,data/experiments/25_dset_20260409T110755Z/de/optimize_20260409T111137Z/de_optimize_20260409T111137Z.json?display_name=de_optimize_20260409T111137Z.json,data/experiments/25_dset_20260409T110755Z/de/optimize_20260409T111137Z/de_validate_20260409T111136Z.json?display_name=de_validate_20260409T111136Z.json
data/experiments/25_dset_20260409T110755Z/ga/optimize_20260409T112321Z/ga_optimize_20260409T112321Z_report.md?display_name=%F0%9F%93%84,data/numbers/25_dset_20260409T110755Z/train.json?display_name=25_dset_20260409T110755Z,25,ga,30013,0.7441745641990565,80.61604226601776,316,56.810339830000885,61.66760623851688,data/experiments/25_dset_20260409T110755Z/ga/optimize_20260409T112321Z/ga_optimize_20260409T112321Z.json?display_name=ga_optimize_20260409T112321Z.json,data/experiments/25_dset_20260409T110755Z/ga/optimize_20260409T112321Z/ga_validate_20260409T112325Z.json?display_name=ga_validate_20260409T112325Z.json
data/experiments/25_dset_20260409T110755Z/ga/optimize_20260409T112439Z/ga_optimize_20260409T112439Z_report.md?display_name=%F0%9F%93%84,data/numbers/25_dset_20260409T110755Z/train.json?display_name=25_dset_20260409T110755Z,25,ga,30013,0.729076797288144,78.05559737602016,316,73.14526752004167,61.990512688027685,data/experiments/25_dset_20260409T110755Z/ga/optimize_20260409T112439Z/ga_optimize_20260409T112439Z.json?display_name=ga_optimize_20260409T112439Z.json,data/experiments/25_dset_20260409T110755Z/ga/optimize_20260409T112439Z/ga_validate_20260409T112442Z.json?display_name=ga_validate_20260409T112442Z.json
data/experiments/25_dset_20260409T110755Z/ga/optimize_20260409T112554Z/ga_optimize_20260409T112554Z_report.md?display_name=%F0%9F%93%84,data/numbers/25_dset_20260409T110755Z/train.json?display_name=25_dset_20260409T110755Z,25,ga,30013,0.730059065768728,78.57766619703034,316,73.41508091898868,60.13724810796855,data/experiments/25_dset_20260409T110755Z/ga/optimize_20260409T112554Z/ga_optimize_20260409T112554Z.json?display_name=ga_optimize_20260409T112554Z.json,data/experiments/25_dset_20260409T110755Z/ga/optimize_20260409T112554Z/ga_validate_20260409T112558Z.json?display_name=ga_validate_20260409T112558Z.json
data/experiments/25_dset_20260409T110755Z/pso/optimize_20260409T111406Z/pso_optimize_20260409T111406Z_report.md?display_name=%F0%9F%93%84,data/numbers/25_dset_20260409T110755Z/train.json?display_name=25_dset_20260409T110755Z,25,pso,30013,0.7290352447598707,58.72408286400605,234,40.45940873399377,64.64952641085445,data/experiments/25_dset_20260409T110755Z/pso/optimize_20260409T111406Z/pso_optimize_20260409T111406Z.json?display_name=pso_optimize_20260409T111406Z.json,data/experiments/25_dset_20260409T110755Z/pso/optimize_20260409T111406Z/pso_validate_20260409T111409Z.json?display_name=pso_validate_20260409T111409Z.json
data/experiments/25_dset_20260409T110755Z/pso/optimize_20260409T111503Z/pso_optimize_20260409T111503Z_report.md?display_name=%F0%9F%93%84,data/numbers/25_dset_20260409T110755Z/train.json?display_name=25_dset_20260409T110755Z,25,pso,30013,0.7180269492964726,58.615420911984984,234,33.04886327800341,64.21194985454657,data/experiments/25_dset_20260409T110755Z/pso/optimize_20260409T111503Z/pso_optimize_20260409T111503Z.json?display_name=pso_optimize_20260409T111503Z.json,data/experiments/25_dset_20260409T110755Z/pso/optimize_20260409T111503Z/pso_validate_20260409T111507Z.json?display_name=pso_validate_20260409T111507Z.json
data/experiments/25_dset_20260409T110755Z/pso/optimize_20260409T112116Z/pso_optimize_20260409T112116Z_report.md?display_name=%F0%9F%93%84,data/numbers/25_dset_20260409T110755Z/train.json?display_name=25_dset_20260409T110755Z,25,pso,30013,0.7173383377084974,78.57585927698528,234,47.864005584968254,62.13460766233065,data/experiments/25_dset_20260409T110755Z/pso/optimize_20260409T112116Z/pso_optimize_20260409T112116Z.json?display_name=pso_optimize_20260409T112116Z.json,data/experiments/25_dset_20260409T110755Z/pso/optimize_20260409T112116Z/pso_validate_20260409T112117Z.json?display_name=pso_validate_20260409T112117Z.json
data/experiments/25_dset_20260409T110755Z/rs/optimize_20260409T111204Z/rs_optimize_20260409T111204Z_report.md?display_name=%F0%9F%93%84,data/numbers/25_dset_20260409T110755Z/train.json?display_name=25_dset_20260409T110755Z,25,rs,30013,0.8283498204546049,29.61214480199851,60,11.218111813999712,57.1956176056117,data/experiments/25_dset_20260409T110755Z/rs/optimize_20260409T111204Z/rs_optimize_20260409T111204Z.json?display_name=rs_optimize_20260409T111204Z.json,data/experiments/25_dset_20260409T110755Z/rs/optimize_20260409T111204Z/rs_validate_20260409T111208Z.json?display_name=rs_validate_20260409T111208Z.json
data/experiments/25_dset_20260409T110755Z/rs/optimize_20260409T111236Z/rs_optimize_20260409T111236Z_report.md?display_name=%F0%9F%93%84,data/numbers/25_dset_20260409T110755Z/train.json?display_name=25_dset_20260409T110755Z,25,rs,30013,0.8162408363714349,29.86552313104039,60,22.004409015004057,60.59829747472101,data/experiments/25_dset_20260409T110755Z/rs/optimize_20260409T111236Z/rs_optimize_20260409T111236Z.json?display_name=rs_optimize_20260409T111236Z.json,data/experiments/25_dset_20260409T110755Z/rs/optimize_20260409T111236Z/rs_validate_20260409T111240Z.json?display_name=rs_validate_20260409T111240Z.json
data/experiments/25_dset_20260409T110755Z/rs/optimize_20260409T111307Z/rs_optimize_20260409T111307Z_report.md?display_name=%F0%9F%93%84,data/numbers/25_dset_20260409T110755Z/train.json?display_name=25_dset_20260409T110755Z,25,rs,30013,0.8371498994820286,29.614785765006673,60,11.292407838976942,60.007818745194186,data/experiments/25_dset_20260409T110755Z/rs/optimize_20260409T111307Z/rs_optimize_20260409T111307Z.json?display_name=rs_optimize_20260409T111307Z.json,data/experiments/25_dset_20260409T110755Z/rs/optimize_20260409T111307Z/rs_validate_20260409T111311Z.json?display_name=rs_validate_20260409T111311Z.json
data/experiments/30_dset_20260409T112558Z/bo/optimize_20260409T114440Z/bo_optimize_20260409T114440Z_report.md?display_name=%F0%9F%93%84,data/numbers/30_dset_20260409T112558Z/train.json?display_name=30_dset_20260409T112558Z,30,bo,10007,0.9384657842456363,20.49264483101433,38,20.492438887013122,88.42803623673115,data/experiments/30_dset_20260409T112558Z/bo/optimize_20260409T114440Z/bo_optimize_20260409T114440Z.json?display_name=bo_optimize_20260409T114440Z.json,data/experiments/30_dset_20260409T112558Z/bo/optimize_20260409T114440Z/bo_validate_20260409T114446Z.json?display_name=bo_validate_20260409T114446Z.json
data/experiments/30_dset_20260409T112558Z/bo/optimize_20260409T114507Z/bo_optimize_20260409T114507Z_report.md?display_name=%F0%9F%93%84,data/numbers/30_dset_20260409T112558Z/train.json?display_name=30_dset_20260409T112558Z,30,bo,10007,1.0966765029006638,20.893764698004816,38,19.348116210021544,86.34743762937845,data/experiments/30_dset_20260409T112558Z/bo/optimize_20260409T114507Z/bo_optimize_20260409T114507Z.json?display_name=bo_optimize_20260409T114507Z.json,data/experiments/30_dset_20260409T112558Z/bo/optimize_20260409T114507Z/bo_validate_20260409T114511Z.json?display_name=bo_validate_20260409T114511Z.json
data/experiments/30_dset_20260409T112558Z/bo/optimize_20260409T114532Z/bo_optimize_20260409T114532Z_report.md?display_name=%F0%9F%93%84,data/numbers/30_dset_20260409T112558Z/train.json?display_name=30_dset_20260409T112558Z,30,bo,10007,0.9604992592649069,20.827719031018205,38,19.90446090704063,89.06064449160932,data/experiments/30_dset_20260409T112558Z/bo/optimize_20260409T114532Z/bo_optimize_20260409T114532Z.json?display_name=bo_optimize_20260409T114532Z.json,data/experiments/30_dset_20260409T112558Z/bo/optimize_20260409T114532Z/bo_validate_20260409T114539Z.json?display_name=bo_validate_20260409T114539Z.json
data/experiments/30_dset_20260409T112558Z/de/optimize_20260409T112736Z/de_optimize_20260409T112736Z_report.md?display_name=%F0%9F%93%84,data/numbers/30_dset_20260409T112558Z/train.json?display_name=30_dset_20260409T112558Z,30,de,10007,0.9210314613883384,104.13188390701544,220,100.71649125596741,88.05258413551043,data/experiments/30_dset_20260409T112558Z/de/optimize_20260409T112736Z/de_optimize_20260409T112736Z.json?display_name=de_optimize_20260409T112736Z.json,data/experiments/30_dset_20260409T112558Z/de/optimize_20260409T112736Z/de_validate_20260409T112742Z.json?display_name=de_validate_20260409T112742Z.json
data/experiments/30_dset_20260409T112558Z/de/optimize_20260409T113311Z/de_optimize_20260409T113311Z_report.md?display_name=%F0%9F%93%84,data/numbers/30_dset_20260409T112558Z/train.json?display_name=30_dset_20260409T112558Z,30,de,10007,0.8739260919683147,96.93678706797073,220,23.721781461965293,86.82055670280153,data/experiments/30_dset_20260409T112558Z/de/optimize_20260409T113311Z/de_optimize_20260409T113311Z.json?display_name=de_optimize_20260409T113311Z.json,data/experiments/30_dset_20260409T112558Z/de/optimize_20260409T113311Z/de_validate_20260409T113317Z.json?display_name=de_validate_20260409T113317Z.json
data/experiments/30_dset_20260409T112558Z/de/optimize_20260409T113456Z/de_optimize_20260409T113456Z_report.md?display_name=%F0%9F%93%84,data/numbers/30_dset_20260409T112558Z/train.json?display_name=30_dset_20260409T112558Z,30,de,10007,0.9227263155626133,107.52069689199561,220,92.46060203399975,88.05401908581774,data/experiments/30_dset_20260409T112558Z/de/optimize_20260409T113456Z/de_optimize_20260409T113456Z.json?display_name=de_optimize_20260409T113456Z.json,data/experiments/30_dset_20260409T112558Z/de/optimize_20260409T113456Z/de_validate_20260409T113502Z.json?display_name=de_validate_20260409T113502Z.json
data/experiments/30_dset_20260409T112558Z/ga/optimize_20260409T115312Z/ga_optimize_20260409T115312Z_report.md?display_name=%F0%9F%93%84,data/numbers/30_dset_20260409T112558Z/train.json?display_name=30_dset_20260409T112558Z,30,ga,10007,0.9037044369906653,114.64894800801994,316,84.63407876202837,87.18337054572447,data/experiments/30_dset_20260409T112558Z/ga/optimize_20260409T115312Z/ga_optimize_20260409T115312Z.json?display_name=ga_optimize_20260409T115312Z.json,data/experiments/30_dset_20260409T112558Z/ga/optimize_20260409T115312Z/ga_validate_20260409T115318Z.json?display_name=ga_validate_20260409T115318Z.json
data/experiments/30_dset_20260409T112558Z/ga/optimize_20260409T115450Z/ga_optimize_20260409T115450Z_report.md?display_name=%F0%9F%93%84,data/numbers/30_dset_20260409T112558Z/train.json?display_name=30_dset_20260409T112558Z,30,ga,10007,0.9509571833186783,98.55261734500527,316,86.96982845501043,87.97863558670312,data/experiments/30_dset_20260409T112558Z/ga/optimize_20260409T115450Z/ga_optimize_20260409T115450Z.json?display_name=ga_optimize_20260409T115450Z.json,data/experiments/30_dset_20260409T112558Z/ga/optimize_20260409T115450Z/ga_validate_20260409T115456Z.json?display_name=ga_validate_20260409T115456Z.json
data/experiments/30_dset_20260409T112558Z/ga/optimize_20260409T115644Z/ga_optimize_20260409T115644Z_report.md?display_name=%F0%9F%93%84,data/numbers/30_dset_20260409T112558Z/train.json?display_name=30_dset_20260409T112558Z,30,ga,10007,0.968947480985662,117.11673453904223,316,102.45850806799717,88.15468143382154,data/experiments/30_dset_20260409T112558Z/ga/optimize_20260409T115644Z/ga_optimize_20260409T115644Z.json?display_name=ga_optimize_20260409T115644Z.json,data/experiments/30_dset_20260409T112558Z/ga/optimize_20260409T115644Z/ga_validate_20260409T115650Z.json?display_name=ga_validate_20260409T115650Z.json
data/experiments/30_dset_20260409T112558Z/pso/optimize_20260409T114154Z/pso_optimize_20260409T114154Z_report.md?display_name=%F0%9F%93%84,data/numbers/30_dset_20260409T112558Z/train.json?display_name=30_dset_20260409T112558Z,30,pso,10007,0.8243209120410029,71.37873399595264,234,1.724126709974371,87.42159976253309,data/experiments/30_dset_20260409T112558Z/pso/optimize_20260409T114154Z/pso_optimize_20260409T114154Z.json?display_name=pso_optimize_20260409T114154Z.json,data/experiments/30_dset_20260409T112558Z/pso/optimize_20260409T114154Z/pso_validate_20260409T114200Z.json?display_name=pso_validate_20260409T114200Z.json
data/experiments/30_dset_20260409T112558Z/pso/optimize_20260409T114306Z/pso_optimize_20260409T114306Z_report.md?display_name=%F0%9F%93%84,data/numbers/30_dset_20260409T112558Z/train.json?display_name=30_dset_20260409T112558Z,30,pso,10007,0.7963599655195139,67.02698351599975,234,59.778743396978825,87.5408168704549,data/experiments/30_dset_20260409T112558Z/pso/optimize_20260409T114306Z/pso_optimize_20260409T114306Z.json?display_name=pso_optimize_20260409T114306Z.json,data/experiments/30_dset_20260409T112558Z/pso/optimize_20260409T114306Z/pso_validate_20260409T114309Z.json?display_name=pso_validate_20260409T114309Z.json
data/experiments/30_dset_20260409T112558Z/pso/optimize_20260409T114415Z/pso_optimize_20260409T114415Z_report.md?display_name=%F0%9F%93%84,data/numbers/30_dset_20260409T112558Z/train.json?display_name=30_dset_20260409T112558Z,30,pso,10007,0.8597821819130331,69.48421785800019,234,1.7858291119919159,87.49352563953323,data/experiments/30_dset_20260409T112558Z/pso/optimize_20260409T114415Z/pso_optimize_20260409T114415Z.json?display_name=pso_optimize_20260409T114415Z.json,data/experiments/30_dset_20260409T112558Z/pso/optimize_20260409T114415Z/pso_validate_20260409T114421Z.json?display_name=pso_validate_20260409T114421Z.json
data/experiments/30_dset_20260409T112558Z/rs/optimize_20260409T113555Z/rs_optimize_20260409T113555Z_report.md?display_name=%F0%9F%93%84,data/numbers/30_dset_20260409T112558Z/train.json?display_name=30_dset_20260409T112558Z,30,rs,10007,1.261891531466972,57.020041959010996,60,3.489507513004355,84.0327648753117,data/experiments/30_dset_20260409T112558Z/rs/optimize_20260409T113555Z/rs_optimize_20260409T113555Z.json?display_name=rs_optimize_20260409T113555Z.json,data/experiments/30_dset_20260409T112558Z/rs/optimize_20260409T113555Z/rs_validate_20260409T113601Z.json?display_name=rs_validate_20260409T113601Z.json
data/experiments/30_dset_20260409T112558Z/rs/optimize_20260409T113640Z/rs_optimize_20260409T113640Z_report.md?display_name=%F0%9F%93%84,data/numbers/30_dset_20260409T112558Z/train.json?display_name=30_dset_20260409T112558Z,30,rs,10007,1.0953403528255876,40.965970828954596,60,11.883245948003605,86.23833158840742,data/experiments/30_dset_20260409T112558Z/rs/optimize_20260409T113640Z/rs_optimize_20260409T113640Z.json?display_name=rs_optimize_20260409T113640Z.json,data/experiments/30_dset_20260409T112558Z/rs/optimize_20260409T113640Z/rs_validate_20260409T113646Z.json?display_name=rs_validate_20260409T113646Z.json
data/experiments/30_dset_20260409T112558Z/rs/optimize_20260409T114040Z/rs_optimize_20260409T114040Z_report.md?display_name=%F0%9F%93%84,data/numbers/30_dset_20260409T112558Z/train.json?display_name=30_dset_20260409T112558Z,30,rs,10007,1.0634980908653233,42.11248691100627,60,23.03472778701689,86.37918429149444,data/experiments/30_dset_20260409T112558Z/rs/optimize_20260409T114040Z/rs_optimize_20260409T114040Z.json?display_name=rs_optimize_20260409T114040Z.json,data/experiments/30_dset_20260409T112558Z/rs/optimize_20260409T114040Z/rs_validate_20260409T114045Z.json?display_name=rs_validate_20260409T114045Z.json
data/experiments/30_dset_20260409T115651Z/bo/optimize_20260409T120806Z/bo_optimize_20260409T120806Z_report.md?display_name=%F0%9F%93%84,data/numbers/30_dset_20260409T115651Z/train.json?display_name=30_dset_20260409T115651Z,30,bo,20011,0.9318688510684296,20.53580226597842,38,19.933727352996357,88.42584773973599,data/experiments/30_dset_20260409T115651Z/bo/optimize_20260409T120806Z/bo_optimize_20260409T120806Z.json?display_name=bo_optimize_20260409T120806Z.json,data/experiments/30_dset_20260409T115651Z/bo/optimize_20260409T120806Z/bo_validate_20260409T120812Z.json?display_name=bo_validate_20260409T120812Z.json
data/experiments/30_dset_20260409T115651Z/bo/optimize_20260409T120831Z/bo_optimize_20260409T120831Z_report.md?display_name=%F0%9F%93%84,data/numbers/30_dset_20260409T115651Z/train.json?display_name=30_dset_20260409T115651Z,30,bo,20011,0.9957465452316683,20.310900260985363,38,18.039975754974876,87.86985801922546,data/experiments/30_dset_20260409T115651Z/bo/optimize_20260409T120831Z/bo_optimize_20260409T120831Z.json?display_name=bo_optimize_20260409T120831Z.json,data/experiments/30_dset_20260409T115651Z/bo/optimize_20260409T120831Z/bo_validate_20260409T120837Z.json?display_name=bo_validate_20260409T120837Z.json
data/experiments/30_dset_20260409T115651Z/bo/optimize_20260409T120855Z/bo_optimize_20260409T120855Z_report.md?display_name=%F0%9F%93%84,data/numbers/30_dset_20260409T115651Z/train.json?display_name=30_dset_20260409T115651Z,30,bo,20011,0.9118843300384469,20.009653934976086,38,18.844283678976353,87.70440910273851,data/experiments/30_dset_20260409T115651Z/bo/optimize_20260409T120855Z/bo_optimize_20260409T120855Z.json?display_name=bo_optimize_20260409T120855Z.json,data/experiments/30_dset_20260409T115651Z/bo/optimize_20260409T120855Z/bo_validate_20260409T120902Z.json?display_name=bo_validate_20260409T120902Z.json
data/experiments/30_dset_20260409T115651Z/de/optimize_20260409T115831Z/de_optimize_20260409T115831Z_report.md?display_name=%F0%9F%93%84,data/numbers/30_dset_20260409T115651Z/train.json?display_name=30_dset_20260409T115651Z,30,de,20011,0.919232806598302,109.21194030501647,220,74.44283440103754,88.2286726482708,data/experiments/30_dset_20260409T115651Z/de/optimize_20260409T115831Z/de_optimize_20260409T115831Z.json?display_name=de_optimize_20260409T115831Z.json,data/experiments/30_dset_20260409T115651Z/de/optimize_20260409T115831Z/de_validate_20260409T115837Z.json?display_name=de_validate_20260409T115837Z.json
data/experiments/30_dset_20260409T115651Z/de/optimize_20260409T120004Z/de_optimize_20260409T120004Z_report.md?display_name=%F0%9F%93%84,data/numbers/30_dset_20260409T115651Z/train.json?display_name=30_dset_20260409T115651Z,30,de,20011,0.9048912509460934,94.05665998498444,220,93.19572346098721,88.42499745905891,data/experiments/30_dset_20260409T115651Z/de/optimize_20260409T120004Z/de_optimize_20260409T120004Z.json?display_name=de_optimize_20260409T120004Z.json,data/experiments/30_dset_20260409T115651Z/de/optimize_20260409T120004Z/de_validate_20260409T120010Z.json?display_name=de_validate_20260409T120010Z.json
data/experiments/30_dset_20260409T115651Z/de/optimize_20260409T120133Z/de_optimize_20260409T120133Z_report.md?display_name=%F0%9F%93%84,data/numbers/30_dset_20260409T115651Z/train.json?display_name=30_dset_20260409T115651Z,30,de,20011,0.9160098214342725,89.32699883601163,220,88.80270444601774,88.93986558650046,data/experiments/30_dset_20260409T115651Z/de/optimize_20260409T120133Z/de_optimize_20260409T120133Z.json?display_name=de_optimize_20260409T120133Z.json,data/experiments/30_dset_20260409T115651Z/de/optimize_20260409T120133Z/de_validate_20260409T120139Z.json?display_name=de_validate_20260409T120139Z.json
data/experiments/30_dset_20260409T115651Z/ga/optimize_20260409T121032Z/ga_optimize_20260409T121032Z_report.md?display_name=%F0%9F%93%84,data/numbers/30_dset_20260409T115651Z/train.json?display_name=30_dset_20260409T115651Z,30,ga,20011,0.9067483684921172,97.40160868200473,316,71.88674652698683,87.48645425114208,data/experiments/30_dset_20260409T115651Z/ga/optimize_20260409T121032Z/ga_optimize_20260409T121032Z.json?display_name=ga_optimize_20260409T121032Z.json,data/experiments/30_dset_20260409T115651Z/ga/optimize_20260409T121032Z/ga_validate_20260409T121038Z.json?display_name=ga_validate_20260409T121038Z.json
data/experiments/30_dset_20260409T115651Z/ga/optimize_20260409T121230Z/ga_optimize_20260409T121230Z_report.md?display_name=%F0%9F%93%84,data/numbers/30_dset_20260409T115651Z/train.json?display_name=30_dset_20260409T115651Z,30,ga,20011,0.9474575988133438,104.93565807701088,316,53.294535336026456,87.00125511564627,data/experiments/30_dset_20260409T115651Z/ga/optimize_20260409T121230Z/ga_optimize_20260409T121230Z.json?display_name=ga_optimize_20260409T121230Z.json,data/experiments/30_dset_20260409T115651Z/ga/optimize_20260409T121230Z/ga_validate_20260409T121236Z.json?display_name=ga_validate_20260409T121236Z.json
data/experiments/30_dset_20260409T115651Z/ga/optimize_20260409T121407Z/ga_optimize_20260409T121407Z_report.md?display_name=%F0%9F%93%84,data/numbers/30_dset_20260409T115651Z/train.json?display_name=30_dset_20260409T115651Z,30,ga,20011,0.884247826266801,96.65232035098597,316,66.47423724801047,87.84860604964705,data/experiments/30_dset_20260409T115651Z/ga/optimize_20260409T121407Z/ga_optimize_20260409T121407Z.json?display_name=ga_optimize_20260409T121407Z.json,data/experiments/30_dset_20260409T115651Z/ga/optimize_20260409T121407Z/ga_validate_20260409T121413Z.json?display_name=ga_validate_20260409T121413Z.json
data/experiments/30_dset_20260409T115651Z/pso/optimize_20260409T120503Z/pso_optimize_20260409T120503Z_report.md?display_name=%F0%9F%93%84,data/numbers/30_dset_20260409T115651Z/train.json?display_name=30_dset_20260409T115651Z,30,pso,20011,0.8124703503563069,63.36448877496878,234,7.585814253019635,87.68999983721662,data/experiments/30_dset_20260409T115651Z/pso/optimize_20260409T120503Z/pso_optimize_20260409T120503Z.json?display_name=pso_optimize_20260409T120503Z.json,data/experiments/30_dset_20260409T115651Z/pso/optimize_20260409T120503Z/pso_validate_20260409T120509Z.json?display_name=pso_validate_20260409T120509Z.json
data/experiments/30_dset_20260409T115651Z/pso/optimize_20260409T120618Z/pso_optimize_20260409T120618Z_report.md?display_name=%F0%9F%93%84,data/numbers/30_dset_20260409T115651Z/train.json?display_name=30_dset_20260409T115651Z,30,pso,20011,0.9196085532021243,73.03033244796097,234,72.50491937296465,88.5512830651858,data/experiments/30_dset_20260409T115651Z/pso/optimize_20260409T120618Z/pso_optimize_20260409T120618Z.json?display_name=pso_optimize_20260409T120618Z.json,data/experiments/30_dset_20260409T115651Z/pso/optimize_20260409T120618Z/pso_validate_20260409T120622Z.json?display_name=pso_validate_20260409T120622Z.json
data/experiments/30_dset_20260409T115651Z/pso/optimize_20260409T120741Z/pso_optimize_20260409T120741Z_report.md?display_name=%F0%9F%93%84,data/numbers/30_dset_20260409T115651Z/train.json?display_name=30_dset_20260409T115651Z,30,pso,20011,0.9119817171304021,83.95998122700257,234,58.84339809400262,87.32451540894908,data/experiments/30_dset_20260409T115651Z/pso/optimize_20260409T120741Z/pso_optimize_20260409T120741Z.json?display_name=pso_optimize_20260409T120741Z.json,data/experiments/30_dset_20260409T115651Z/pso/optimize_20260409T120741Z/pso_validate_20260409T120748Z.json?display_name=pso_validate_20260409T120748Z.json
data/experiments/30_dset_20260409T115651Z/rs/optimize_20260409T120221Z/rs_optimize_20260409T120221Z_report.md?display_name=%F0%9F%93%84,data/numbers/30_dset_20260409T115651Z/train.json?display_name=30_dset_20260409T115651Z,30,rs,20011,1.2583986430545337,43.99812841799576,60,4.712821328022983,84.22359541399852,data/experiments/30_dset_20260409T115651Z/rs/optimize_20260409T120221Z/rs_optimize_20260409T120221Z.json?display_name=rs_optimize_20260409T120221Z.json,data/experiments/30_dset_20260409T115651Z/rs/optimize_20260409T120221Z/rs_validate_20260409T120228Z.json?display_name=rs_validate_20260409T120228Z.json
data/experiments/30_dset_20260409T115651Z/rs/optimize_20260409T120307Z/rs_optimize_20260409T120307Z_report.md?display_name=%F0%9F%93%84,data/numbers/30_dset_20260409T115651Z/train.json?display_name=30_dset_20260409T115651Z,30,rs,20011,1.251545596984215,43.728595014021266,60,4.632595925009809,84.1833297140996,data/experiments/30_dset_20260409T115651Z/rs/optimize_20260409T120307Z/rs_optimize_20260409T120307Z.json?display_name=rs_optimize_20260409T120307Z.json,data/experiments/30_dset_20260409T115651Z/rs/optimize_20260409T120307Z/rs_validate_20260409T120313Z.json?display_name=rs_validate_20260409T120313Z.json
data/experiments/30_dset_20260409T115651Z/rs/optimize_20260409T120357Z/rs_optimize_20260409T120357Z_report.md?display_name=%F0%9F%93%84,data/numbers/30_dset_20260409T115651Z/train.json?display_name=30_dset_20260409T115651Z,30,rs,20011,1.278884226368973,43.0711745780427,60,8.489861711044796,83.52486255438575,data/experiments/30_dset_20260409T115651Z/rs/optimize_20260409T120357Z/rs_optimize_20260409T120357Z.json?display_name=rs_optimize_20260409T120357Z.json,data/experiments/30_dset_20260409T115651Z/rs/optimize_20260409T120357Z/rs_validate_20260409T120402Z.json?display_name=rs_validate_20260409T120402Z.json
data/experiments/30_dset_20260409T121414Z/bo/optimize_20260409T123213Z/bo_optimize_20260409T123213Z_report.md?display_name=%F0%9F%93%84,data/numbers/30_dset_20260409T121414Z/train.json?display_name=30_dset_20260409T121414Z,30,bo,30013,0.9188956943689846,18.1689939040225,38,14.889243173995055,87.63284413959059,data/experiments/30_dset_20260409T121414Z/bo/optimize_20260409T123213Z/bo_optimize_20260409T123213Z.json?display_name=bo_optimize_20260409T123213Z.json,data/experiments/30_dset_20260409T121414Z/bo/optimize_20260409T123213Z/bo_validate_20260409T123219Z.json?display_name=bo_validate_20260409T123219Z.json
data/experiments/30_dset_20260409T121414Z/bo/optimize_20260409T123235Z/bo_optimize_20260409T123235Z_report.md?display_name=%F0%9F%93%84,data/numbers/30_dset_20260409T121414Z/train.json?display_name=30_dset_20260409T121414Z,30,bo,30013,0.9933621470700018,18.350531273987144,38,16.7997485929518,87.00574999804468,data/experiments/30_dset_20260409T121414Z/bo/optimize_20260409T123235Z/bo_optimize_20260409T123235Z.json?display_name=bo_optimize_20260409T123235Z.json,data/experiments/30_dset_20260409T121414Z/bo/optimize_20260409T123235Z/bo_validate_20260409T123242Z.json?display_name=bo_validate_20260409T123242Z.json
data/experiments/30_dset_20260409T121414Z/bo/optimize_20260409T123259Z/bo_optimize_20260409T123259Z_report.md?display_name=%F0%9F%93%84,data/numbers/30_dset_20260409T121414Z/train.json?display_name=30_dset_20260409T121414Z,30,bo,30013,0.9669097032456193,18.4405631700065,38,18.13545832503587,87.49818311318135,data/experiments/30_dset_20260409T121414Z/bo/optimize_20260409T123259Z/bo_optimize_20260409T123259Z.json?display_name=bo_optimize_20260409T123259Z.json,data/experiments/30_dset_20260409T121414Z/bo/optimize_20260409T123259Z/bo_validate_20260409T123305Z.json?display_name=bo_validate_20260409T123305Z.json
data/experiments/30_dset_20260409T121414Z/de/optimize_20260409T121550Z/de_optimize_20260409T121550Z_report.md?display_name=%F0%9F%93%84,data/numbers/30_dset_20260409T121414Z/train.json?display_name=30_dset_20260409T121414Z,30,de,30013,0.9169362349493895,103.1541426529875,220,58.43218286696356,88.32183955411766,data/experiments/30_dset_20260409T121414Z/de/optimize_20260409T121550Z/de_optimize_20260409T121550Z.json?display_name=de_optimize_20260409T121550Z.json,data/experiments/30_dset_20260409T121414Z/de/optimize_20260409T121550Z/de_validate_20260409T121556Z.json?display_name=de_validate_20260409T121556Z.json
data/experiments/30_dset_20260409T121414Z/de/optimize_20260409T122255Z/de_optimize_20260409T122255Z_report.md?display_name=%F0%9F%93%84,data/numbers/30_dset_20260409T121414Z/train.json?display_name=30_dset_20260409T121414Z,30,de,30013,0.8674723454751074,118.02392821200192,220,110.80943647102686,87.25339225500824,data/experiments/30_dset_20260409T121414Z/de/optimize_20260409T122255Z/de_optimize_20260409T122255Z.json?display_name=de_optimize_20260409T122255Z.json,data/experiments/30_dset_20260409T121414Z/de/optimize_20260409T122255Z/de_validate_20260409T122301Z.json?display_name=de_validate_20260409T122301Z.json
data/experiments/30_dset_20260409T121414Z/de/optimize_20260409T122431Z/de_optimize_20260409T122431Z_report.md?display_name=%F0%9F%93%84,data/numbers/30_dset_20260409T121414Z/train.json?display_name=30_dset_20260409T121414Z,30,de,30013,0.9230221975885797,95.77325349999592,220,89.95482541399542,88.20857697379299,data/experiments/30_dset_20260409T121414Z/de/optimize_20260409T122431Z/de_optimize_20260409T122431Z.json?display_name=de_optimize_20260409T122431Z.json,data/experiments/30_dset_20260409T121414Z/de/optimize_20260409T122431Z/de_validate_20260409T122437Z.json?display_name=de_validate_20260409T122437Z.json
data/experiments/30_dset_20260409T121414Z/ga/optimize_20260409T123436Z/ga_optimize_20260409T123436Z_report.md?display_name=%F0%9F%93%84,data/numbers/30_dset_20260409T121414Z/train.json?display_name=30_dset_20260409T121414Z,30,ga,30013,0.9720955167140346,99.58903169998666,316,96.32386780297384,88.00313192469956,data/experiments/30_dset_20260409T121414Z/ga/optimize_20260409T123436Z/ga_optimize_20260409T123436Z.json?display_name=ga_optimize_20260409T123436Z.json,data/experiments/30_dset_20260409T121414Z/ga/optimize_20260409T123436Z/ga_validate_20260409T123443Z.json?display_name=ga_validate_20260409T123443Z.json
data/experiments/30_dset_20260409T121414Z/ga/optimize_20260409T124047Z/ga_optimize_20260409T124047Z_report.md?display_name=%F0%9F%93%84,data/numbers/30_dset_20260409T121414Z/train.json?display_name=30_dset_20260409T121414Z,30,ga,30013,0.9925195185060147,116.20625607599504,316,68.29947679000907,87.18547983709618,data/experiments/30_dset_20260409T121414Z/ga/optimize_20260409T124047Z/ga_optimize_20260409T124047Z.json?display_name=ga_optimize_20260409T124047Z.json,data/experiments/30_dset_20260409T121414Z/ga/optimize_20260409T124047Z/ga_validate_20260409T124055Z.json?display_name=ga_validate_20260409T124055Z.json
data/experiments/30_dset_20260409T121414Z/ga/optimize_20260409T124234Z/ga_optimize_20260409T124234Z_report.md?display_name=%F0%9F%93%84,data/numbers/30_dset_20260409T121414Z/train.json?display_name=30_dset_20260409T121414Z,30,ga,30013,0.9297209183278028,101.27744849096052,316,74.68080239096889,86.9622262015303,data/experiments/30_dset_20260409T121414Z/ga/optimize_20260409T124234Z/ga_optimize_20260409T124234Z.json?display_name=ga_optimize_20260409T124234Z.json,data/experiments/30_dset_20260409T121414Z/ga/optimize_20260409T124234Z/ga_validate_20260409T124240Z.json?display_name=ga_validate_20260409T124240Z.json
data/experiments/30_dset_20260409T121414Z/pso/optimize_20260409T122925Z/pso_optimize_20260409T122925Z_report.md?display_name=%F0%9F%93%84,data/numbers/30_dset_20260409T121414Z/train.json?display_name=30_dset_20260409T121414Z,30,pso,30013,0.8163296079437714,70.93119788402691,234,26.21116056101164,88.56010790170315,data/experiments/30_dset_20260409T121414Z/pso/optimize_20260409T122925Z/pso_optimize_20260409T122925Z.json?display_name=pso_optimize_20260409T122925Z.json,data/experiments/30_dset_20260409T121414Z/pso/optimize_20260409T122925Z/pso_validate_20260409T122928Z.json?display_name=pso_validate_20260409T122928Z.json
data/experiments/30_dset_20260409T121414Z/pso/optimize_20260409T123035Z/pso_optimize_20260409T123035Z_report.md?display_name=%F0%9F%93%84,data/numbers/30_dset_20260409T121414Z/train.json?display_name=30_dset_20260409T121414Z,30,pso,30013,0.8559884256392252,70.77349939197302,234,16.671665026980918,88.4803283227962,data/experiments/30_dset_20260409T121414Z/pso/optimize_20260409T123035Z/pso_optimize_20260409T123035Z.json?display_name=pso_optimize_20260409T123035Z.json,data/experiments/30_dset_20260409T121414Z/pso/optimize_20260409T123035Z/pso_validate_20260409T123041Z.json?display_name=pso_validate_20260409T123041Z.json
data/experiments/30_dset_20260409T121414Z/pso/optimize_20260409T123150Z/pso_optimize_20260409T123150Z_report.md?display_name=%F0%9F%93%84,data/numbers/30_dset_20260409T121414Z/train.json?display_name=30_dset_20260409T121414Z,30,pso,30013,0.9006691517715808,73.14107678795699,234,34.95853782998165,88.19605645582371,data/experiments/30_dset_20260409T121414Z/pso/optimize_20260409T123150Z/pso_optimize_20260409T123150Z.json?display_name=pso_optimize_20260409T123150Z.json,data/experiments/30_dset_20260409T121414Z/pso/optimize_20260409T123150Z/pso_validate_20260409T123154Z.json?display_name=pso_validate_20260409T123154Z.json
data/experiments/30_dset_20260409T121414Z/rs/optimize_20260409T122517Z/rs_optimize_20260409T122517Z_report.md?display_name=%F0%9F%93%84,data/numbers/30_dset_20260409T121414Z/train.json?display_name=30_dset_20260409T121414Z,30,rs,30013,1.0437303955841344,42.49248726700898,60,31.530344257014804,87.18594755280824,data/experiments/30_dset_20260409T121414Z/rs/optimize_20260409T122517Z/rs_optimize_20260409T122517Z.json?display_name=rs_optimize_20260409T122517Z.json,data/experiments/30_dset_20260409T121414Z/rs/optimize_20260409T122517Z/rs_validate_20260409T122521Z.json?display_name=rs_validate_20260409T122521Z.json
data/experiments/30_dset_20260409T121414Z/rs/optimize_20260409T122602Z/rs_optimize_20260409T122602Z_report.md?display_name=%F0%9F%93%84,data/numbers/30_dset_20260409T121414Z/train.json?display_name=30_dset_20260409T121414Z,30,rs,30013,1.011480188521091,42.667322075983975,60,31.504753721004818,85.97696645363645,data/experiments/30_dset_20260409T121414Z/rs/optimize_20260409T122602Z/rs_optimize_20260409T122602Z.json?display_name=rs_optimize_20260409T122602Z.json,data/experiments/30_dset_20260409T121414Z/rs/optimize_20260409T122602Z/rs_validate_20260409T122608Z.json?display_name=rs_validate_20260409T122608Z.json
data/experiments/30_dset_20260409T121414Z/rs/optimize_20260409T122701Z/rs_optimize_20260409T122701Z_report.md?display_name=%F0%9F%93%84,data/numbers/30_dset_20260409T121414Z/train.json?display_name=30_dset_20260409T121414Z,30,rs,30013,1.0387627517047804,57.56884513498517,60,6.4540563320042565,86.88310249372003,data/experiments/30_dset_20260409T121414Z/rs/optimize_20260409T122701Z/rs_optimize_20260409T122701Z.json?display_name=rs_optimize_20260409T122701Z.json,data/experiments/30_dset_20260409T121414Z/rs/optimize_20260409T122701Z/rs_validate_20260409T122707Z.json?display_name=rs_validate_20260409T122707Z.json
